name_1,name_2,name_3,degree_1,degree_2,degree_3,error
dist_centroid__circumcenter,dist_centroid__orthocenter,dist_circumcenter__orthocenter,1,1,1,0.0
dist_centroid__steiner_focus_1,dist_centroid__steiner_focus_2,dist_steiner_focus_1__steiner_focus_2,1,1,1,4.3520742565306136e-14
dist_centroid__incenter,perimeter,semiperimeter,1,1,1,1.9587945487842262e-08
dist_centroid__circumcenter,dist_circumcenter__incenter,dist_circumcenter__orthocenter,1,1,1,2.961142513413506e-07
area,perimeter,semiperimeter,2,1,1,4.489717468914023e-07
inradius,perimeter,semiperimeter,1,1,1,4.828353894481552e-07
dist_centroid__steiner_focus_1,dist_steiner_focus_1__steiner_focus_2,perimeter,1,1,1,6.512137247227656e-07
dist_steiner_focus_1__steiner_focus_2,perimeter,semiperimeter,1,1,1,7.950541771606368e-07
dist_centroid__orthocenter,dist_circumcenter__orthocenter,dist_incenter__orthocenter,1,1,1,8.332029324265022e-07
dist_centroid__steiner_focus_2,dist_steiner_focus_1__steiner_focus_2,semiperimeter,1,1,1,1.0143033932763501e-06
dist_centroid__incenter,dist_centroid__steiner_focus_2,dist_steiner_focus_1__steiner_focus_2,1,1,1,1.236980324392789e-06
dist_centroid__circumcenter,dist_centroid__orthocenter,dist_circumcenter__incenter,1,1,1,1.3851062021785765e-06
dist_incenter__steiner_focus_1,perimeter,semiperimeter,1,1,1,1.882984633994056e-06
dist_centroid__steiner_focus_2,dist_steiner_focus_1__steiner_focus_2,perimeter,1,1,1,2.0521531496342504e-06
dist_centroid__incenter,dist_centroid__orthocenter,dist_circumcenter__orthocenter,1,1,1,2.498650246707257e-06
dist_centroid__circumcenter,dist_centroid__orthocenter,dist_incenter__orthocenter,1,1,1,2.5683496005513007e-06
dist_centroid__steiner_focus_1,dist_centroid__steiner_focus_2,semiperimeter,1,1,1,2.6955121938954107e-06
dist_centroid__orthocenter,dist_circumcenter__incenter,dist_circumcenter__orthocenter,1,1,1,3.6492442632152233e-06
circumradius,dist_centroid__steiner_focus_1,dist_centroid__steiner_focus_2,1,1,1,4.010288648714777e-06
dist_centroid__circumcenter,dist_circumcenter__orthocenter,dist_incenter__orthocenter,1,1,1,4.287157025828492e-06
dist_centroid__incenter,dist_centroid__steiner_focus_1,dist_centroid__steiner_focus_2,1,1,1,5.007407708035316e-06
dist_centroid__steiner_focus_1,dist_incenter__steiner_focus_1,dist_steiner_focus_1__steiner_focus_2,1,1,1,5.517785666597774e-06
dist_centroid__circumcenter,dist_centroid__incenter,dist_centroid__orthocenter,1,1,1,5.521912498807069e-06
dist_centroid__steiner_focus_2,dist_incenter__steiner_focus_2,dist_steiner_focus_1__steiner_focus_2,1,1,1,5.898215476918267e-06
dist_centroid__orthocenter,dist_circumcenter__orthocenter,dist_circumcenter__steiner_focus_2,1,1,1,5.973825864202809e-06
dist_centroid__steiner_focus_1,dist_incenter__steiner_focus_2,dist_steiner_focus_1__steiner_focus_2,1,1,1,6.1822493080399e-06
dist_centroid__circumcenter,dist_centroid__incenter,dist_circumcenter__orthocenter,1,1,1,6.34468233329244e-06
dist_centroid__steiner_focus_1,dist_steiner_focus_1__steiner_focus_2,semiperimeter,1,1,1,6.854033472336596e-06
dist_centroid__steiner_focus_1,dist_centroid__steiner_focus_2,dist_incenter__steiner_focus_2,1,1,1,7.410607395286206e-06
dist_centroid__orthocenter,dist_circumcenter__orthocenter,dist_incenter__steiner_focus_1,1,1,1,9.106712241191417e-06
dist_centroid__circumcenter,dist_circumcenter__orthocenter,dist_circumcenter__steiner_focus_2,1,1,1,9.130680155067239e-06
dist_incenter__steiner_focus_1,dist_incenter__steiner_focus_2,dist_steiner_focus_1__steiner_focus_2,1,1,1,9.169484656013083e-06
dist_centroid__steiner_focus_1,dist_steiner_focus_1__steiner_focus_2,inradius,1,1,1,9.50947742239805e-06
dist_centroid__circumcenter,dist_circumcenter__orthocenter,dist_incenter__steiner_focus_1,1,1,1,1.0118873433384579e-05
dist_centroid__orthocenter,dist_circumcenter__orthocenter,dist_circumcenter__steiner_focus_1,1,1,1,1.0458371434651781e-05
dist_centroid__circumcenter,dist_circumcenter__orthocenter,dist_circumcenter__steiner_focus_1,1,1,1,1.0746446605480742e-05
dist_centroid__orthocenter,dist_centroid__steiner_focus_1,dist_circumcenter__orthocenter,1,1,1,1.096581581805367e-05
dist_centroid__steiner_focus_2,dist_incenter__steiner_focus_1,dist_steiner_focus_1__steiner_focus_2,1,1,1,1.14949289127253e-05
dist_centroid__orthocenter,dist_circumcenter__orthocenter,dist_orthocenter__steiner_focus_2,1,1,1,1.1822998203570023e-05
dist_centroid__orthocenter,dist_circumcenter__orthocenter,dist_incenter__steiner_focus_2,1,1,1,1.257221356354421e-05
dist_centroid__circumcenter,dist_centroid__orthocenter,dist_circumcenter__steiner_focus_1,1,1,1,1.270487791771302e-05
circumradius,dist_centroid__steiner_focus_2,dist_steiner_focus_1__steiner_focus_2,1,1,1,1.3335855328477919e-05
dist_centroid__orthocenter,dist_centroid__steiner_focus_2,dist_circumcenter__orthocenter,1,1,1,1.4394782738236245e-05
dist_centroid__steiner_focus_1,dist_centroid__steiner_focus_2,dist_incenter__steiner_focus_1,1,1,1,1.4479462151939515e-05
dist_centroid__circumcenter,dist_circumcenter__orthocenter,dist_orthocenter__steiner_focus_2,1,1,1,1.493446143285837e-05
dist_centroid__orthocenter,dist_circumcenter__orthocenter,dist_orthocenter__steiner_focus_1,1,1,1,1.5759809684823267e-05
area,dist_centroid__steiner_focus_1,dist_steiner_focus_1__steiner_focus_2,2,1,1,1.8941082089440897e-05
dist_centroid__circumcenter,dist_circumcenter__orthocenter,dist_incenter__steiner_focus_2,1,1,1,1.99539827008266e-05
circumradius,dist_centroid__orthocenter,dist_circumcenter__orthocenter,1,1,1,2.0183626475045457e-05
dist_centroid__circumcenter,dist_centroid__orthocenter,dist_orthocenter__steiner_focus_1,1,1,1,2.0699981178040616e-05
dist_centroid__circumcenter,dist_circumcenter__orthocenter,dist_orthocenter__steiner_focus_1,1,1,1,2.1140373064554296e-05
dist_centroid__circumcenter,dist_centroid__steiner_focus_2,dist_circumcenter__orthocenter,1,1,1,2.1817129891132936e-05
dist_centroid__steiner_focus_1,dist_centroid__steiner_focus_2,inradius,1,1,1,2.3149481421569362e-05
area,inradius,perimeter,2,1,1,2.333912198082544e-05
circumradius,dist_centroid__steiner_focus_1,dist_steiner_focus_1__steiner_focus_2,1,1,1,2.5388480935362168e-05
dist_centroid__circumcenter,dist_centroid__orthocenter,dist_incenter__steiner_focus_1,1,1,1,2.8404092518030666e-05
dist_centroid__circumcenter,dist_centroid__orthocenter,dist_centroid__steiner_focus_2,1,1,1,2.92515705950791e-05
area,dist_centroid__steiner_focus_2,dist_steiner_focus_1__steiner_focus_2,2,1,1,2.935961128969211e-05
circumradius,dist_circumcenter__incenter,inradius,1,1,1,3.0068047635722905e-05
dist_centroid__circumcenter,dist_centroid__steiner_focus_1,dist_circumcenter__orthocenter,1,1,1,3.160452615702525e-05
dist_centroid__circumcenter,perimeter,semiperimeter,1,1,1,3.2078973163152114e-05
circumradius,dist_centroid__circumcenter,dist_circumcenter__orthocenter,1,1,1,3.274466871516779e-05
dist_centroid__steiner_focus_1,dist_centroid__steiner_focus_2,dist_circumcenter__orthocenter,1,1,1,3.330410618218593e-05
dist_centroid__circumcenter,dist_centroid__orthocenter,dist_centroid__steiner_focus_1,1,1,1,3.4016953577520326e-05
dist_centroid__circumcenter,dist_circumcenter__orthocenter,dist_steiner_focus_1__steiner_focus_2,1,1,1,3.4271586628165096e-05
dist_circumcenter__steiner_focus_2,perimeter,semiperimeter,1,1,1,3.4593267628224567e-05
dist_centroid__steiner_focus_2,dist_circumcenter__orthocenter,dist_steiner_focus_1__steiner_focus_2,1,1,1,3.6275319871492684e-05
dist_centroid__steiner_focus_2,dist_circumcenter__incenter,dist_steiner_focus_1__steiner_focus_2,1,1,1,3.670515798148699e-05
dist_centroid__steiner_focus_1,dist_centroid__steiner_focus_2,dist_circumcenter__steiner_focus_1,1,1,1,3.681893213069998e-05
dist_centroid__circumcenter,dist_centroid__orthocenter,dist_steiner_focus_1__steiner_focus_2,1,1,1,3.7410962249850854e-05
dist_centroid__circumcenter,dist_centroid__orthocenter,dist_orthocenter__steiner_focus_2,1,1,1,3.754145291168243e-05
dist_centroid__orthocenter,dist_centroid__steiner_focus_2,dist_steiner_focus_1__steiner_focus_2,1,1,1,3.783783540711738e-05
dist_centroid__circumcenter,dist_centroid__orthocenter,inradius,1,1,1,3.841102443402633e-05
dist_centroid__steiner_focus_2,dist_circumcenter__steiner_focus_2,dist_steiner_focus_1__steiner_focus_2,1,1,1,3.87314721592702e-05
dist_centroid__steiner_focus_1,dist_circumcenter__steiner_focus_2,dist_steiner_focus_1__steiner_focus_2,1,1,1,4.024337249575183e-05
dist_centroid__orthocenter,dist_circumcenter__orthocenter,inradius,1,1,1,4.091367372893728e-05
dist_centroid__steiner_focus_2,dist_circumcenter__steiner_focus_1,dist_steiner_focus_1__steiner_focus_2,1,1,1,4.092852395842783e-05
dist_circumcenter__orthocenter,perimeter,semiperimeter,1,1,1,4.204988363198936e-05
dist_circumcenter__steiner_focus_1,perimeter,semiperimeter,1,1,1,4.250765414326452e-05
dist_centroid__steiner_focus_1,dist_centroid__steiner_focus_2,dist_incenter__orthocenter,1,1,1,4.26298902311828e-05
dist_centroid__steiner_focus_1,dist_centroid__steiner_focus_2,dist_orthocenter__steiner_focus_2,1,1,1,4.273192098480649e-05
dist_centroid__steiner_focus_1,dist_circumcenter__steiner_focus_1,dist_steiner_focus_1__steiner_focus_2,1,1,1,4.2961797589669004e-05
dist_centroid__orthocenter,dist_circumcenter__orthocenter,perimeter,1,1,1,4.3542841012822464e-05
dist_centroid__steiner_focus_1,dist_incenter__steiner_focus_1,dist_incenter__steiner_focus_2,1,1,1,4.375008211354725e-05
dist_centroid__steiner_focus_2,dist_steiner_focus_1__steiner_focus_2,inradius,1,1,1,4.3978030589642e-05
dist_centroid__orthocenter,dist_centroid__steiner_focus_1,dist_steiner_focus_1__steiner_focus_2,1,1,1,4.492059088079259e-05
dist_circumcenter__incenter,perimeter,semiperimeter,1,1,1,4.504593016463332e-05
dist_centroid__steiner_focus_2,dist_incenter__steiner_focus_1,dist_incenter__steiner_focus_2,1,1,1,4.541151429293677e-05
dist_centroid__circumcenter,dist_centroid__steiner_focus_1,dist_centroid__steiner_focus_2,1,1,1,4.618956154445186e-05
dist_steiner_focus_1__steiner_focus_2,inradius,perimeter,1,1,1,4.6595112507930025e-05
dist_centroid__steiner_focus_1,dist_incenter__orthocenter,dist_steiner_focus_1__steiner_focus_2,1,1,1,4.6943514462327585e-05
dist_centroid__circumcenter,dist_centroid__steiner_focus_1,dist_steiner_focus_1__steiner_focus_2,1,1,1,4.75402848678641e-05
area,dist_centroid__circumcenter,dist_centroid__orthocenter,2,1,1,4.931557850795798e-05
dist_centroid__orthocenter,dist_circumcenter__orthocenter,semiperimeter,1,1,1,4.93754050694406e-05
dist_centroid__steiner_focus_2,dist_incenter__orthocenter,dist_steiner_focus_1__steiner_focus_2,1,1,1,5.093933214084245e-05
dist_orthocenter__steiner_focus_1,perimeter,semiperimeter,1,1,1,5.17907137691509e-05
dist_centroid__steiner_focus_1,dist_orthocenter__steiner_focus_2,dist_steiner_focus_1__steiner_focus_2,1,1,1,5.1825052651111037e-05
dist_incenter__orthocenter,perimeter,semiperimeter,1,1,1,5.206396963330917e-05
dist_centroid__steiner_focus_1,dist_centroid__steiner_focus_2,dist_orthocenter__steiner_focus_1,1,1,1,5.288702232064679e-05
dist_centroid__circumcenter,dist_circumcenter__orthocenter,perimeter,1,1,1,5.319312185747549e-05
dist_centroid__circumcenter,dist_centroid__orthocenter,dist_incenter__steiner_focus_2,1,1,1,5.54955295228865e-05
dist_centroid__circumcenter,dist_centroid__orthocenter,perimeter,1,1,1,5.586210681940429e-05
dist_centroid__orthocenter,dist_centroid__steiner_focus_1,dist_centroid__steiner_focus_2,1,1,1,5.692111881216988e-05
area,inradius,semiperimeter,2,1,1,5.772905933554284e-05
dist_centroid__circumcenter,dist_circumcenter__orthocenter,semiperimeter,1,1,1,6.319920066744089e-05
circumradius,dist_centroid__orthocenter,perimeter,1,1,1,6.473472603829578e-05
dist_centroid__steiner_focus_1,dist_centroid__steiner_focus_2,dist_circumcenter__incenter,1,1,1,6.541494803968817e-05
dist_centroid__steiner_focus_1,dist_circumcenter__orthocenter,dist_steiner_focus_1__steiner_focus_2,1,1,1,6.611347635043785e-05
dist_centroid__steiner_focus_2,dist_orthocenter__steiner_focus_1,dist_steiner_focus_1__steiner_focus_2,1,1,1,6.712193135172129e-05
area,dist_centroid__steiner_focus_2,semiperimeter,2,1,1,6.712319736834615e-05
area,circumradius,dist_circumcenter__incenter,2,1,1,6.748931627953425e-05
dist_centroid__steiner_focus_1,inradius,perimeter,1,1,1,7.25004865671508e-05
area,dist_steiner_focus_1__steiner_focus_2,inradius,2,1,1,7.393556734314188e-05
area,dist_centroid__steiner_focus_1,inradius,2,1,1,7.455359445884824e-05
area,circumradius,inradius,2,1,1,7.480794010916725e-05
area,dist_centroid__steiner_focus_2,inradius,2,1,1,7.50457911635749e-05
dist_circumcenter__incenter,inradius,perimeter,1,1,1,7.506565452786162e-05
circumradius,dist_centroid__orthocenter,semiperimeter,1,1,1,7.706537144258618e-05
dist_centroid__steiner_focus_2,inradius,perimeter,1,1,1,7.789833034621552e-05
circumradius,dist_circumcenter__orthocenter,perimeter,1,1,1,8.301339403260499e-05
circumradius,dist_centroid__circumcenter,semiperimeter,1,1,1,8.464777783956379e-05
circumradius,dist_circumcenter__orthocenter,semiperimeter,1,1,1,8.794683526502922e-05
dist_centroid__circumcenter,dist_circumcenter__incenter,dist_incenter__orthocenter,1,1,1,9.005238098325208e-05
dist_centroid__circumcenter,dist_incenter__orthocenter,perimeter,1,1,1,9.286416752729565e-05
dist_orthocenter__steiner_focus_2,perimeter,semiperimeter,1,1,1,9.34771669562906e-05
area,dist_centroid__orthocenter,dist_circumcenter__orthocenter,2,1,1,9.408932965015993e-05
circumradius,dist_centroid__circumcenter,perimeter,1,1,1,0.00010093616583617404
dist_centroid__incenter,dist_incenter__steiner_focus_2,dist_steiner_focus_1__steiner_focus_2,1,1,1,0.00010350175580242649
dist_centroid__steiner_focus_1,dist_orthocenter__steiner_focus_1,dist_steiner_focus_1__steiner_focus_2,1,1,1,0.00010424751963000745
dist_centroid__circumcenter,dist_centroid__orthocenter,semiperimeter,1,1,1,0.00010977865167660639
dist_centroid__incenter,dist_incenter__steiner_focus_1,dist_steiner_focus_1__steiner_focus_2,1,1,1,0.00011004316183971241
area,dist_centroid__circumcenter,dist_circumcenter__orthocenter,2,1,1,0.00011166226613568142
dist_centroid__circumcenter,dist_circumcenter__orthocenter,inradius,1,1,1,0.00011628679931163788
dist_circumcenter__incenter,dist_circumcenter__orthocenter,dist_incenter__orthocenter,1,1,1,0.00011922139674425125
dist_centroid__steiner_focus_2,perimeter,semiperimeter,1,1,1,0.00012511058594100177
dist_circumcenter__orthocenter,inradius,perimeter,1,1,1,0.00012667494593188167
area,dist_centroid__steiner_focus_1,perimeter,2,1,1,0.0001336936984444037
dist_centroid__orthocenter,dist_circumcenter__incenter,dist_incenter__orthocenter,1,1,1,0.00013378661242313683
circumradius,dist_incenter__orthocenter,semiperimeter,1,1,1,0.00014220719458535314
circumradius,inradius,perimeter,1,1,1,0.00014432246098294854
circumradius,dist_circumcenter__incenter,perimeter,1,1,1,0.00015371515473816544
dist_circumcenter__incenter,inradius,semiperimeter,1,1,1,0.000154272755025886
dist_centroid__steiner_focus_1,inradius,semiperimeter,1,1,1,0.00015766271098982543
dist_centroid__circumcenter,inradius,perimeter,1,1,1,0.0001588727900525555
dist_centroid__orthocenter,inradius,perimeter,1,1,1,0.00016298725677188486
dist_orthocenter__steiner_focus_2,inradius,perimeter,1,1,1,0.00016470896662212908
circumradius,dist_orthocenter__steiner_focus_2,perimeter,1,1,1,0.00016769397188909352
dist_orthocenter__steiner_focus_1,inradius,perimeter,1,1,1,0.00016869469254743308
dist_centroid__orthocenter,dist_incenter__orthocenter,perimeter,1,1,1,0.00016920141933951527
area,dist_circumcenter__incenter,perimeter,2,1,1,0.00017461997049394995
dist_circumcenter__orthocenter,dist_incenter__orthocenter,perimeter,1,1,1,0.00017756581655703485
dist_circumcenter__steiner_focus_1,inradius,perimeter,1,1,1,0.0001853341527748853
dist_circumcenter__steiner_focus_1,dist_orthocenter__steiner_focus_2,perimeter,1,1,1,0.00018741188978310674
dist_circumcenter__steiner_focus_2,dist_orthocenter__steiner_focus_1,perimeter,1,1,1,0.00019544720998965204
dist_centroid__incenter,dist_circumcenter__incenter,dist_circumcenter__orthocenter,1,1,1,0.0001972062891582027
dist_incenter__orthocenter,inradius,perimeter,1,1,1,0.00020287906227167696
dist_centroid__circumcenter,dist_incenter__orthocenter,semiperimeter,1,1,1,0.00021338099031709135
dist_centroid__steiner_focus_2,dist_circumcenter__orthocenter,perimeter,1,1,1,0.00021357221703510731
area,dist_centroid__orthocenter,inradius,2,1,1,0.00021574817947112024
dist_centroid__steiner_focus_1,dist_centroid__steiner_focus_2,dist_circumcenter__steiner_focus_2,1,1,1,0.00022422597976401448
dist_centroid__circumcenter,dist_centroid__steiner_focus_2,dist_steiner_focus_1__steiner_focus_2,1,1,1,0.00023662320745643228
circumradius,dist_orthocenter__steiner_focus_1,perimeter,1,1,1,0.00024062521697487682
dist_centroid__steiner_focus_2,inradius,semiperimeter,1,1,1,0.00024132325779646635
dist_centroid__circumcenter,dist_circumcenter__incenter,perimeter,1,1,1,0.00024330063024535775
dist_centroid__steiner_focus_1,dist_circumcenter__incenter,perimeter,1,1,1,0.0002463563869241625
circumradius,dist_circumcenter__incenter,semiperimeter,1,1,1,0.00024766981368884444
dist_centroid__steiner_focus_1,dist_circumcenter__incenter,dist_steiner_focus_1__steiner_focus_2,1,1,1,0.0002529066405259073
dist_centroid__incenter,dist_centroid__steiner_focus_1,perimeter,1,1,1,0.0002529433695599437
dist_centroid__steiner_focus_1,dist_circumcenter__orthocenter,perimeter,1,1,1,0.00025331866345368326
dist_centroid__steiner_focus_2,dist_circumcenter__incenter,perimeter,1,1,1,0.0002557816624175757
dist_centroid__incenter,dist_centroid__steiner_focus_2,perimeter,1,1,1,0.00025753010413609445
dist_centroid__orthocenter,dist_centroid__steiner_focus_1,perimeter,1,1,1,0.0002639450249262154
dist_centroid__steiner_focus_2,dist_orthocenter__steiner_focus_1,perimeter,1,1,1,0.0002649965463206172
dist_centroid__steiner_focus_1,dist_circumcenter__incenter,semiperimeter,1,1,1,0.00027285501710139215
dist_centroid__steiner_focus_1,dist_incenter__orthocenter,perimeter,1,1,1,0.0002738062757998705
dist_centroid__circumcenter,dist_centroid__steiner_focus_1,perimeter,1,1,1,0.0002766489633359015
area,dist_circumcenter__orthocenter,perimeter,2,1,1,0.00027725816471502185
dist_centroid__steiner_focus_2,dist_circumcenter__steiner_focus_2,perimeter,1,1,1,0.0002797766646835953
dist_centroid__steiner_focus_2,dist_incenter__orthocenter,perimeter,1,1,1,0.00028781549190171063
dist_centroid__orthocenter,dist_centroid__steiner_focus_2,perimeter,1,1,1,0.00028794005629606545
dist_centroid__steiner_focus_2,dist_circumcenter__steiner_focus_1,perimeter,1,1,1,0.0002884968707803637
area,dist_centroid__orthocenter,perimeter,2,1,1,0.0002913030330091715
dist_centroid__steiner_focus_1,dist_orthocenter__steiner_focus_1,perimeter,1,1,1,0.00029285941855050623
dist_centroid__incenter,dist_centroid__steiner_focus_1,dist_incenter__steiner_focus_1,1,1,1,0.0002943660656455904
dist_centroid__incenter,dist_centroid__orthocenter,dist_circumcenter__incenter,1,1,1,0.0002980195276904851
area,dist_orthocenter__steiner_focus_1,perimeter,2,1,1,0.0003010045038536191
dist_centroid__steiner_focus_1,dist_circumcenter__steiner_focus_2,perimeter,1,1,1,0.0003034670080523938
dist_centroid__incenter,dist_centroid__steiner_focus_2,dist_incenter__steiner_focus_1,1,1,1,0.0003180180210620165
dist_centroid__steiner_focus_1,dist_circumcenter__steiner_focus_1,perimeter,1,1,1,0.0003196403558831662
dist_centroid__circumcenter,dist_centroid__orthocenter,dist_circumcenter__steiner_focus_2,1,1,1,0.0003203951637260616
area,dist_circumcenter__incenter,inradius,2,1,1,0.00032120043761096895
dist_circumcenter__orthocenter,inradius,semiperimeter,1,1,1,0.00032219631248153746
dist_centroid__incenter,dist_centroid__steiner_focus_2,dist_incenter__steiner_focus_2,1,1,1,0.0003310394240543246
circumradius,dist_centroid__steiner_focus_2,perimeter,1,1,1,0.00033327622804790735
area,dist_circumcenter__steiner_focus_2,perimeter,2,1,1,0.0003342166019137949
circumradius,dist_orthocenter__steiner_focus_2,semiperimeter,1,1,1,0.00033917182008735836
dist_centroid__circumcenter,dist_incenter__orthocenter,dist_steiner_focus_1__steiner_focus_2,1,1,1,0.0003452588862273842
dist_centroid__circumcenter,dist_centroid__steiner_focus_2,perimeter,1,1,1,0.00034535781014710665
area,dist_circumcenter__steiner_focus_2,inradius,2,1,1,0.0003472748794592917
area,circumradius,perimeter,2,1,1,0.00034817756386473775
area,dist_circumcenter__steiner_focus_1,perimeter,2,1,1,0.0003536268777679652
dist_centroid__steiner_focus_1,dist_orthocenter__steiner_focus_2,perimeter,1,1,1,0.0003551888221409172
area,dist_centroid__circumcenter,perimeter,2,1,1,0.00035534927155822515
dist_circumcenter__steiner_focus_1,dist_orthocenter__steiner_focus_2,semiperimeter,1,1,1,0.0003555678413249552
circumradius,dist_centroid__steiner_focus_1,perimeter,1,1,1,0.0003576888411771506
area,dist_steiner_focus_1__steiner_focus_2,perimeter,2,1,1,0.0003632889420259744
area,dist_centroid__circumcenter,inradius,2,1,1,0.00036389302113093436
dist_steiner_focus_1__steiner_focus_2,inradius,semiperimeter,1,1,1,0.00036977307172492146
circumradius,dist_circumcenter__steiner_focus_1,perimeter,1,1,1,0.00037588775740005076
circumradius,dist_circumcenter__steiner_focus_2,perimeter,1,1,1,0.00037644579424522817
circumradius,inradius,semiperimeter,1,1,1,0.00038432120345532894
dist_centroid__incenter,dist_centroid__steiner_focus_1,dist_incenter__steiner_focus_2,1,1,1,0.0003846063045784831
area,dist_incenter__orthocenter,perimeter,2,1,1,0.00038728222716599703
dist_circumcenter__incenter,dist_circumcenter__orthocenter,perimeter,1,1,1,0.0003912628162652254
dist_centroid__circumcenter,dist_orthocenter__steiner_focus_2,perimeter,1,1,1,0.00039208345697261393
dist_centroid__circumcenter,dist_orthocenter__steiner_focus_1,perimeter,1,1,1,0.00039642679621465504
dist_centroid__orthocenter,dist_incenter__orthocenter,semiperimeter,1,1,1,0.00041140359826385975
dist_centroid__steiner_focus_1,dist_incenter__steiner_focus_1,perimeter,1,1,1,0.00041257127304561436
dist_centroid__circumcenter,inradius,semiperimeter,1,1,1,0.00041376161971129477
dist_centroid__steiner_focus_1,dist_circumcenter__orthocenter,semiperimeter,1,1,1,0.00041694132960401475
circumradius,dist_centroid__steiner_focus_2,dist_circumcenter__orthocenter,1,1,1,0.0004187895974610001
dist_centroid__incenter,dist_circumcenter__orthocenter,dist_incenter__orthocenter,1,1,1,0.00042037724051624537
dist_circumcenter__orthocenter,dist_circumcenter__steiner_focus_1,dist_incenter__steiner_focus_2,1,1,1,0.0004215826338622719
dist_centroid__orthocenter,inradius,semiperimeter,1,1,1,0.000425544916652143
dist_centroid__orthocenter,dist_circumcenter__incenter,perimeter,1,1,1,0.0004272983060218394
dist_centroid__circumcenter,dist_centroid__incenter,dist_circumcenter__incenter,1,1,1,0.0004283265443518758
circumradius,dist_centroid__steiner_focus_1,dist_circumcenter__orthocenter,1,1,1,0.0004296194529160857
dist_circumcenter__orthocenter,dist_circumcenter__steiner_focus_2,dist_incenter__steiner_focus_1,1,1,1,0.0004341657040640712
dist_orthocenter__steiner_focus_1,inradius,semiperimeter,1,1,1,0.00043592811562120914
area,dist_centroid__steiner_focus_1,semiperimeter,2,1,1,0.0004384575877338648
area,dist_centroid__steiner_focus_1,dist_centroid__steiner_focus_2,2,1,1,0.00043965503573417664
dist_circumcenter__steiner_focus_2,dist_orthocenter__steiner_focus_1,semiperimeter,1,1,1,0.0004414459108375013
area,dist_circumcenter__steiner_focus_1,inradius,2,1,1,0.00044313736725598574
dist_centroid__steiner_focus_2,dist_circumcenter__orthocenter,semiperimeter,1,1,1,0.0004480697098188102
dist_centroid__steiner_focus_2,dist_incenter__steiner_focus_1,perimeter,1,1,1,0.00044992516632191837
dist_centroid__incenter,inradius,perimeter,1,1,1,0.00045285047963261604
area,dist_orthocenter__steiner_focus_1,inradius,2,1,1,0.00045396617497317493
dist_centroid__steiner_focus_2,dist_circumcenter__incenter,semiperimeter,1,1,1,0.0004620138497557491
area,dist_circumcenter__incenter,semiperimeter,2,1,1,0.00046564824879169464
dist_circumcenter__steiner_focus_2,inradius,perimeter,1,1,1,0.00047473516315221786
dist_centroid__incenter,dist_centroid__steiner_focus_1,semiperimeter,1,1,1,0.00047484395327046514
dist_circumcenter__incenter,dist_circumcenter__steiner_focus_2,perimeter,1,1,1,0.0004770758096128702
circumradius,dist_incenter__orthocenter,perimeter,1,1,1,0.00047775235725566745
dist_centroid__steiner_focus_2,dist_incenter__steiner_focus_2,perimeter,1,1,1,0.0004919401253573596
dist_centroid__incenter,dist_steiner_focus_1__steiner_focus_2,perimeter,1,1,1,0.0004982163663953543
dist_centroid__circumcenter,dist_circumcenter__steiner_focus_1,perimeter,1,1,1,0.0005024976562708616
dist_circumcenter__steiner_focus_2,inradius,semiperimeter,1,1,1,0.000519478227943182
dist_centroid__orthocenter,dist_centroid__steiner_focus_1,semiperimeter,1,1,1,0.0005209933151490986
dist_centroid__circumcenter,dist_centroid__incenter,dist_incenter__orthocenter,1,1,1,0.000533643236849457
dist_centroid__orthocenter,dist_circumcenter__steiner_focus_1,dist_incenter__steiner_focus_2,1,1,1,0.0005445368587970734
dist_centroid__circumcenter,dist_circumcenter__steiner_focus_2,perimeter,1,1,1,0.000545948394574225
dist_incenter__orthocenter,inradius,semiperimeter,1,1,1,0.0005488463211804628
dist_orthocenter__steiner_focus_2,inradius,semiperimeter,1,1,1,0.0005534079973585904
dist_circumcenter__incenter,dist_steiner_focus_1__steiner_focus_2,semiperimeter,1,1,1,0.0005546672618947923
circumradius,dist_centroid__orthocenter,dist_centroid__steiner_focus_2,1,1,1,0.0005554236122407019
circumradius,dist_centroid__steiner_focus_1,semiperimeter,1,1,1,0.0005722503992728889
dist_circumcenter__orthocenter,dist_incenter__orthocenter,semiperimeter,1,1,1,0.0005725410301238298
dist_circumcenter__steiner_focus_1,inradius,semiperimeter,1,1,1,0.0005776022444479167
dist_centroid__orthocenter,dist_circumcenter__steiner_focus_2,dist_incenter__steiner_focus_1,1,1,1,0.0005780728533864021
dist_centroid__steiner_focus_2,dist_orthocenter__steiner_focus_2,perimeter,1,1,1,0.0005796150071546435
dist_centroid__steiner_focus_1,perimeter,semiperimeter,1,1,1,0.0005844273837283254
dist_centroid__steiner_focus_1,dist_incenter__steiner_focus_2,perimeter,1,1,1,0.0005995085812173784
circumradius,dist_centroid__circumcenter,dist_incenter__orthocenter,1,1,1,0.0006053104880265892
dist_centroid__incenter,dist_centroid__steiner_focus_1,dist_steiner_focus_1__steiner_focus_2,1,1,1,0.0006087073124945164
dist_circumcenter__incenter,dist_circumcenter__steiner_focus_1,perimeter,1,1,1,0.0006130356923677027
dist_incenter__steiner_focus_1,inradius,perimeter,1,1,1,0.0006252425373531878
dist_centroid__orthocenter,dist_centroid__steiner_focus_2,semiperimeter,1,1,1,0.0006282421527430415
circumradius,dist_centroid__orthocenter,dist_centroid__steiner_focus_1,1,1,1,0.0006299472297541797
circumradius,dist_centroid__circumcenter,dist_centroid__steiner_focus_2,1,1,1,0.0006340248510241508
area,dist_circumcenter__orthocenter,inradius,2,1,1,0.000635877251625061
circumradius,dist_circumcenter__steiner_focus_1,semiperimeter,1,1,1,0.00063614099053666
circumradius,dist_centroid__steiner_focus_1,dist_circumcenter__incenter,1,1,1,0.0006444285390898585
area,dist_orthocenter__steiner_focus_2,inradius,2,1,1,0.0006490194937214255
area,dist_incenter__orthocenter,inradius,2,1,1,0.0006500427261926234
area,dist_circumcenter__orthocenter,semiperimeter,2,1,1,0.0006547339144162834
dist_circumcenter__incenter,dist_steiner_focus_1__steiner_focus_2,perimeter,1,1,1,0.0006610858836211264
dist_incenter__steiner_focus_2,inradius,perimeter,1,1,1,0.0006681879167445004
dist_centroid__steiner_focus_1,dist_centroid__steiner_focus_2,perimeter,1,1,1,0.0006707891589030623
dist_centroid__orthocenter,dist_incenter__orthocenter,dist_steiner_focus_1__steiner_focus_2,1,1,1,0.0006774442153982818
area,circumradius,semiperimeter,2,1,1,0.0006879795691929758
dist_centroid__steiner_focus_2,dist_orthocenter__steiner_focus_1,semiperimeter,1,1,1,0.00069220713339746
dist_incenter__steiner_focus_1,dist_incenter__steiner_focus_2,perimeter,1,1,1,0.0006947272922843695
dist_circumcenter__steiner_focus_2,dist_orthocenter__steiner_focus_1,dist_steiner_focus_1__steiner_focus_2,1,1,1,0.0006976797012612224
dist_centroid__incenter,dist_centroid__orthocenter,dist_incenter__orthocenter,1,1,1,0.0007024314836598933
dist_centroid__incenter,dist_circumcenter__incenter,dist_incenter__orthocenter,1,1,1,0.0007042476790957153
dist_circumcenter__steiner_focus_1,dist_incenter__orthocenter,perimeter,1,1,1,0.0007164929411374032
dist_circumcenter__orthocenter,dist_incenter__orthocenter,dist_orthocenter__steiner_focus_1,1,1,1,0.0007172437035478652
dist_centroid__circumcenter,dist_circumcenter__steiner_focus_2,dist_incenter__steiner_focus_1,1,1,1,0.0007176033104769886
dist_centroid__incenter,dist_incenter__steiner_focus_1,semiperimeter,1,1,1,0.0007254091324284673
dist_centroid__steiner_focus_1,dist_circumcenter__steiner_focus_2,semiperimeter,1,1,1,0.000733420136384666
dist_centroid__circumcenter,dist_circumcenter__steiner_focus_1,dist_incenter__steiner_focus_2,1,1,1,0.0007356199203059077
dist_circumcenter__incenter,dist_orthocenter__steiner_focus_1,perimeter,1,1,1,0.000737688213121146
dist_centroid__orthocenter,dist_circumcenter__steiner_focus_1,perimeter,1,1,1,0.0007417153683491051
dist_circumcenter__orthocenter,dist_steiner_focus_1__steiner_focus_2,perimeter,1,1,1,0.0007432440761476755
dist_circumcenter__steiner_focus_1,dist_orthocenter__steiner_focus_2,dist_steiner_focus_1__steiner_focus_2,1,1,1,0.0007447621901519597
dist_centroid__incenter,dist_incenter__steiner_focus_2,semiperimeter,1,1,1,0.0007544776308350265
dist_centroid__steiner_focus_1,dist_orthocenter__steiner_focus_1,semiperimeter,1,1,1,0.0007654991350136697
dist_centroid__steiner_focus_1,dist_incenter__orthocenter,semiperimeter,1,1,1,0.0007722497684881091
dist_centroid__orthocenter,perimeter,semiperimeter,1,1,1,0.0007733035017736256
area,dist_orthocenter__steiner_focus_2,perimeter,2,1,1,0.0007768229115754366
circumradius,dist_centroid__steiner_focus_2,dist_circumcenter__incenter,1,1,1,0.0007896096794866025
circumradius,dist_circumcenter__steiner_focus_2,semiperimeter,1,1,1,0.0007904116646386683
circumradius,dist_centroid__steiner_focus_2,semiperimeter,1,1,1,0.0007908109109848738
circumradius,dist_steiner_focus_1__steiner_focus_2,semiperimeter,1,1,1,0.0007981666130945086
dist_centroid__orthocenter,dist_circumcenter__steiner_focus_2,perimeter,1,1,1,0.000803620379883796
dist_centroid__incenter,dist_centroid__orthocenter,perimeter,1,1,1,0.0008076600497588515
dist_centroid__steiner_focus_2,dist_circumcenter__steiner_focus_2,semiperimeter,1,1,1,0.0008099960978142917
dist_centroid__circumcenter,dist_centroid__steiner_focus_2,semiperimeter,1,1,1,0.000813651829957962
dist_centroid__incenter,dist_circumcenter__orthocenter,perimeter,1,1,1,0.0008140345453284681
circumradius,dist_centroid__orthocenter,dist_steiner_focus_1__steiner_focus_2,1,1,1,0.0008253869600594044
dist_circumcenter__incenter,dist_incenter__orthocenter,perimeter,1,1,1,0.0008306413074024022
area,dist_centroid__incenter,perimeter,2,1,1,0.0008308009710162878
dist_centroid__steiner_focus_2,dist_orthocenter__steiner_focus_2,dist_steiner_focus_1__steiner_focus_2,1,1,1,0.0008344471571035683
dist_centroid__circumcenter,dist_centroid__steiner_focus_1,semiperimeter,1,1,1,0.0008354613091796637
dist_centroid__incenter,dist_orthocenter__steiner_focus_1,perimeter,1,1,1,0.0008384226821362972
circumradius,dist_circumcenter__orthocenter,inradius,1,1,1,0.0008410187438130379
dist_circumcenter__orthocenter,dist_incenter__orthocenter,dist_steiner_focus_1__steiner_focus_2,1,1,1,0.0008445116109214723
dist_circumcenter__orthocenter,dist_incenter__orthocenter,dist_orthocenter__steiner_focus_2,1,1,1,0.0008567548356950283
dist_centroid__steiner_focus_2,dist_circumcenter__steiner_focus_1,semiperimeter,1,1,1,0.0008605073671787977
dist_circumcenter__orthocenter,dist_circumcenter__steiner_focus_1,perimeter,1,1,1,0.0008616045233793557
dist_centroid__circumcenter,dist_orthocenter__steiner_focus_1,dist_orthocenter__steiner_focus_2,1,1,1,0.0008635349804535508
circumradius,dist_circumcenter__incenter,dist_steiner_focus_1__steiner_focus_2,1,1,1,0.0008649242226965725
dist_centroid__steiner_focus_2,dist_incenter__orthocenter,semiperimeter,1,1,1,0.0008649989613331854
area,dist_circumcenter__steiner_focus_2,semiperimeter,2,1,1,0.00086667959112674
dist_circumcenter__orthocenter,dist_circumcenter__steiner_focus_2,perimeter,1,1,1,0.0008667180663906038
dist_centroid__incenter,dist_incenter__steiner_focus_1,dist_incenter__steiner_focus_2,1,1,1,0.0008851906168274581
dist_centroid__orthocenter,dist_orthocenter__steiner_focus_2,perimeter,1,1,1,0.0008859849185682833
circumradius,dist_circumcenter__orthocenter,dist_steiner_focus_1__steiner_focus_2,1,1,1,0.0008864225237630308
dist_centroid__incenter,dist_incenter__steiner_focus_1,perimeter,1,1,1,0.0008915020152926445
dist_circumcenter__incenter,dist_steiner_focus_1__steiner_focus_2,inradius,1,1,1,0.0008976931567303836
dist_centroid__orthocenter,dist_incenter__orthocenter,dist_orthocenter__steiner_focus_1,1,1,1,0.0009058717405423522
area,dist_orthocenter__steiner_focus_1,semiperimeter,2,1,1,0.000909328053239733
dist_centroid__orthocenter,dist_steiner_focus_1__steiner_focus_2,perimeter,1,1,1,0.000912120973225683
dist_centroid__circumcenter,dist_circumcenter__incenter,semiperimeter,1,1,1,0.0009124435600824654
dist_centroid__incenter,dist_incenter__orthocenter,perimeter,1,1,1,0.0009140087640844285
dist_incenter__orthocenter,dist_orthocenter__steiner_focus_2,perimeter,1,1,1,0.0009198873885907233
area,dist_steiner_focus_1__steiner_focus_2,semiperimeter,2,1,1,0.0009253676398657262
circumradius,dist_centroid__circumcenter,dist_centroid__steiner_focus_1,1,1,1,0.0009323956328444183
dist_centroid__steiner_focus_1,dist_orthocenter__steiner_focus_2,semiperimeter,1,1,1,0.0009327513980679214
circumradius,dist_circumcenter__steiner_focus_2,dist_orthocenter__steiner_focus_1,1,1,1,0.0009477285202592611
dist_centroid__circumcenter,dist_steiner_focus_1__steiner_focus_2,perimeter,1,1,1,0.0009507239446975291
dist_centroid__orthocenter,dist_steiner_focus_1__steiner_focus_2,semiperimeter,1,1,1,0.0009507303475402296
area,dist_circumcenter__steiner_focus_1,semiperimeter,2,1,1,0.0009517321595922112
dist_centroid__incenter,dist_circumcenter__steiner_focus_2,perimeter,1,1,1,0.0009544731583446264
area,circumradius,dist_circumcenter__orthocenter,2,1,1,0.0009564619977027178
dist_centroid__circumcenter,dist_centroid__steiner_focus_1,dist_incenter__orthocenter,1,1,1,0.0009585025254637003
dist_centroid__orthocenter,dist_orthocenter__steiner_focus_1,perimeter,1,1,1,0.0009588205721229315
dist_centroid__steiner_focus_1,dist_circumcenter__steiner_focus_1,semiperimeter,1,1,1,0.0009598770411685109
dist_centroid__incenter,dist_circumcenter__steiner_focus_1,perimeter,1,1,1,0.0009604480001144111
dist_incenter__orthocenter,dist_steiner_focus_1__steiner_focus_2,perimeter,1,1,1,0.0009663671953603625
dist_circumcenter__steiner_focus_2,dist_incenter__orthocenter,perimeter,1,1,1,0.0009667780832387507
dist_circumcenter__steiner_focus_1,dist_steiner_focus_1__steiner_focus_2,perimeter,1,1,1,0.0009674016619101167
dist_centroid__incenter,dist_orthocenter__steiner_focus_2,perimeter,1,1,1,0.0009674057364463806
area,dist_centroid__circumcenter,semiperimeter,2,1,1,0.0009705938282422721
dist_centroid__orthocenter,dist_incenter__orthocenter,dist_orthocenter__steiner_focus_2,1,1,1,0.0009743027621880174
circumradius,dist_circumcenter__steiner_focus_1,dist_orthocenter__steiner_focus_2,1,1,1,0.000975700793787837
dist_centroid__incenter,dist_centroid__steiner_focus_2,semiperimeter,1,1,1,0.000976907555013895
dist_circumcenter__incenter,dist_orthocenter__steiner_focus_2,perimeter,1,1,1,0.0009784124558791518
dist_centroid__steiner_focus_1,dist_circumcenter__steiner_focus_2,dist_orthocenter__steiner_focus_1,1,1,1,0.0009824055014178157
dist_centroid__steiner_focus_2,dist_orthocenter__steiner_focus_2,semiperimeter,1,1,1,0.000982602359727025
circumradius,dist_centroid__orthocenter,inradius,1,1,1,0.000986576429568231
dist_circumcenter__steiner_focus_2,dist_steiner_focus_1__steiner_focus_2,perimeter,1,1,1,0.0009902239544317126
dist_centroid__incenter,dist_circumcenter__incenter,perimeter,1,1,1,0.0009907350176945329
circumradius,dist_centroid__circumcenter,dist_steiner_focus_1__steiner_focus_2,1,1,1,0.0009991992264986038
dist_centroid__circumcenter,dist_centroid__steiner_focus_2,dist_incenter__orthocenter,1,1,1,0.0010105341207236052
dist_centroid__steiner_focus_2,dist_circumcenter__steiner_focus_2,dist_orthocenter__steiner_focus_1,1,1,1,0.0010142627870664
dist_centroid__steiner_focus_2,dist_circumcenter__steiner_focus_1,dist_orthocenter__steiner_focus_2,1,1,1,0.0010266269091516733
dist_centroid__circumcenter,dist_centroid__incenter,perimeter,1,1,1,0.0010297887492924929
area,dist_incenter__orthocenter,semiperimeter,2,1,1,0.001051536644808948
dist_orthocenter__steiner_focus_2,dist_steiner_focus_1__steiner_focus_2,perimeter,1,1,1,0.0010566187556833029
dist_circumcenter__incenter,dist_circumcenter__orthocenter,dist_orthocenter__steiner_focus_2,1,1,1,0.0010667996248230338
circumradius,dist_centroid__orthocenter,dist_incenter__orthocenter,1,1,1,0.001072507700882852
dist_circumcenter__incenter,dist_circumcenter__orthocenter,dist_orthocenter__steiner_focus_1,1,1,1,0.001080564339645207
dist_circumcenter__orthocenter,dist_steiner_focus_1__steiner_focus_2,semiperimeter,1,1,1,0.001084368210285902
dist_centroid__circumcenter,dist_incenter__orthocenter,dist_orthocenter__steiner_focus_1,1,1,1,0.0010902000358328223
dist_centroid__steiner_focus_1,dist_circumcenter__steiner_focus_1,dist_orthocenter__steiner_focus_2,1,1,1,0.0010926369577646255
dist_circumcenter__orthocenter,dist_orthocenter__steiner_focus_1,perimeter,1,1,1,0.0011035166680812836
dist_centroid__orthocenter,dist_circumcenter__incenter,semiperimeter,1,1,1,0.0011054923525080085
dist_centroid__incenter,dist_steiner_focus_1__steiner_focus_2,semiperimeter,1,1,1,0.0011151651851832867
circumradius,perimeter,semiperimeter,1,1,1,0.0011173500679433346
dist_incenter__orthocenter,dist_orthocenter__steiner_focus_1,perimeter,1,1,1,0.0011333053698763251
dist_centroid__steiner_focus_2,dist_circumcenter__incenter,inradius,1,1,1,0.0011337908217683434
dist_circumcenter__incenter,dist_circumcenter__orthocenter,semiperimeter,1,1,1,0.0011465750867500901
dist_centroid__incenter,dist_incenter__steiner_focus_2,perimeter,1,1,1,0.001172939664684236
circumradius,dist_centroid__incenter,perimeter,1,1,1,0.0011773131554946303
area,dist_orthocenter__steiner_focus_2,semiperimeter,2,1,1,0.0011819269275292754
dist_centroid__orthocenter,dist_circumcenter__incenter,dist_orthocenter__steiner_focus_2,1,1,1,0.0011838721111416817
area,dist_centroid__circumcenter,dist_incenter__orthocenter,2,1,1,0.0012204052181914449
area,dist_centroid__orthocenter,semiperimeter,2,1,1,0.0012238745111972094
dist_centroid__steiner_focus_1,dist_circumcenter__incenter,inradius,1,1,1,0.0012263827957212925
dist_centroid__circumcenter,dist_orthocenter__steiner_focus_1,semiperimeter,1,1,1,0.0012319202069193125
circumradius,dist_centroid__steiner_focus_1,inradius,1,1,1,0.0012544919736683369
circumradius,dist_circumcenter__orthocenter,dist_incenter__orthocenter,1,1,1,0.001265204045921564
area,circumradius,dist_centroid__steiner_focus_1,2,1,1,0.001274166745133698
dist_circumcenter__orthocenter,dist_orthocenter__steiner_focus_2,perimeter,1,1,1,0.001277304021641612
dist_centroid__orthocenter,dist_centroid__steiner_focus_2,dist_incenter__orthocenter,1,1,1,0.001306556281633675
area,dist_centroid__steiner_focus_2,dist_circumcenter__incenter,2,1,1,0.0013263156870380044
area,circumradius,dist_centroid__steiner_focus_2,2,1,1,0.0013417638838291168
dist_centroid__circumcenter,dist_orthocenter__steiner_focus_2,semiperimeter,1,1,1,0.0013483156217262149
area,dist_centroid__steiner_focus_1,dist_circumcenter__incenter,2,1,1,0.0013603144325315952
circumradius,dist_orthocenter__steiner_focus_1,semiperimeter,1,1,1,0.0013630188768729568
dist_incenter__steiner_focus_1,dist_steiner_focus_1__steiner_focus_2,perimeter,1,1,1,0.001363061019219458
area,dist_circumcenter__steiner_focus_2,dist_orthocenter__steiner_focus_1,2,1,1,0.0013685867888852954
circumradius,dist_centroid__circumcenter,inradius,1,1,1,0.0013829426607117057
dist_circumcenter__incenter,dist_circumcenter__orthocenter,dist_steiner_focus_1__steiner_focus_2,1,1,1,0.0013974395114928484
circumradius,dist_centroid__steiner_focus_2,dist_incenter__orthocenter,1,1,1,0.0014041232643648982
circumradius,dist_steiner_focus_1__steiner_focus_2,perimeter,1,1,1,0.0014159063575789332
circumradius,dist_centroid__steiner_focus_1,dist_incenter__orthocenter,1,1,1,0.0014232606627047062
dist_centroid__circumcenter,dist_incenter__orthocenter,dist_orthocenter__steiner_focus_2,1,1,1,0.0014463865663856268
dist_centroid__steiner_focus_1,dist_incenter__steiner_focus_1,semiperimeter,1,1,1,0.0014481029938906431
dist_centroid__circumcenter,dist_steiner_focus_1__steiner_focus_2,semiperimeter,1,1,1,0.0014815483009442687
dist_centroid__steiner_focus_2,dist_circumcenter__orthocenter,dist_incenter__orthocenter,1,1,1,0.001493170508183539
dist_centroid__circumcenter,dist_circumcenter__incenter,dist_steiner_focus_1__steiner_focus_2,1,1,1,0.0015062120510265231
dist_centroid__circumcenter,dist_circumcenter__steiner_focus_1,semiperimeter,1,1,1,0.0015152086270973086
dist_centroid__steiner_focus_2,dist_incenter__steiner_focus_2,semiperimeter,1,1,1,0.0015169247053563595
area,dist_circumcenter__incenter,dist_steiner_focus_1__steiner_focus_2,2,1,1,0.0015311212046071887
dist_incenter__steiner_focus_2,dist_steiner_focus_1__steiner_focus_2,perimeter,1,1,1,0.0015344750136137009
dist_circumcenter__steiner_focus_2,dist_orthocenter__steiner_focus_1,dist_orthocenter__steiner_focus_2,1,1,1,0.0015521033201366663
dist_centroid__steiner_focus_1,dist_incenter__steiner_focus_2,semiperimeter,1,1,1,0.0015894557582214475
dist_centroid__steiner_focus_2,dist_incenter__steiner_focus_1,semiperimeter,1,1,1,0.001596739050000906
dist_centroid__orthocenter,dist_centroid__steiner_focus_1,dist_incenter__orthocenter,1,1,1,0.0016127731651067734
dist_circumcenter__steiner_focus_2,dist_incenter__orthocenter,dist_incenter__steiner_focus_1,1,1,1,0.0016201233956962824
dist_centroid__steiner_focus_1,dist_circumcenter__orthocenter,dist_incenter__orthocenter,1,1,1,0.0016442012274637818
dist_centroid__incenter,inradius,semiperimeter,1,1,1,0.0016512158326804638
area,dist_circumcenter__steiner_focus_1,dist_orthocenter__steiner_focus_2,2,1,1,0.0016585108824074268
dist_centroid__orthocenter,dist_circumcenter__incenter,dist_orthocenter__steiner_focus_1,1,1,1,0.0016691768541932106
area,circumradius,dist_centroid__circumcenter,2,1,1,0.0016753299860283732
dist_centroid__steiner_focus_2,dist_circumcenter__orthocenter,inradius,1,1,1,0.001686590607278049
dist_centroid__orthocenter,dist_circumcenter__incenter,dist_steiner_focus_1__steiner_focus_2,1,1,1,0.0017035298515111208
circumradius,dist_centroid__circumcenter,dist_centroid__orthocenter,1,1,1,0.001711340039037168
circumradius,dist_centroid__steiner_focus_2,dist_orthocenter__steiner_focus_2,1,1,1,0.0017222962342202663
circumradius,dist_centroid__steiner_focus_2,dist_orthocenter__steiner_focus_1,1,1,1,0.00172556156758219
area,dist_incenter__steiner_focus_1,perimeter,2,1,1,0.0017361156642436981
dist_centroid__circumcenter,dist_circumcenter__steiner_focus_2,dist_incenter__orthocenter,1,1,1,0.0017545348964631557
dist_centroid__circumcenter,dist_circumcenter__incenter,dist_orthocenter__steiner_focus_1,1,1,1,0.0017595679964870214
circumradius,dist_centroid__circumcenter,dist_circumcenter__incenter,1,1,1,0.0017636573174968362
dist_circumcenter__steiner_focus_1,dist_incenter__orthocenter,dist_incenter__steiner_focus_2,1,1,1,0.001787686487659812
area,dist_centroid__steiner_focus_1,dist_circumcenter__orthocenter,2,1,1,0.001796769560314715
dist_circumcenter__steiner_focus_1,dist_orthocenter__steiner_focus_1,perimeter,1,1,1,0.0018050632206723094
circumradius,dist_centroid__incenter,dist_centroid__steiner_focus_2,1,1,1,0.0018331586616113782
dist_circumcenter__steiner_focus_2,dist_incenter__steiner_focus_1,dist_orthocenter__steiner_focus_1,1,1,1,0.0018343054689466953
dist_centroid__circumcenter,dist_circumcenter__steiner_focus_2,semiperimeter,1,1,1,0.0018373614875599742
dist_circumcenter__steiner_focus_2,dist_orthocenter__steiner_focus_2,perimeter,1,1,1,0.0018410009797662497
dist_circumcenter__incenter,dist_circumcenter__steiner_focus_2,semiperimeter,1,1,1,0.0018592507112771273
circumradius,dist_centroid__steiner_focus_2,inradius,1,1,1,0.0018624732038006186
dist_circumcenter__incenter,dist_orthocenter__steiner_focus_1,dist_orthocenter__steiner_focus_2,1,1,1,0.001890151877887547
dist_circumcenter__steiner_focus_2,dist_steiner_focus_1__steiner_focus_2,semiperimeter,1,1,1,0.0018902966985478997
dist_circumcenter__steiner_focus_1,dist_orthocenter__steiner_focus_1,dist_orthocenter__steiner_focus_2,1,1,1,0.0018917833222076297
dist_centroid__incenter,dist_circumcenter__orthocenter,semiperimeter,1,1,1,0.0019133094465360045
dist_circumcenter__steiner_focus_1,dist_incenter__steiner_focus_2,dist_orthocenter__steiner_focus_2,1,1,1,0.0019421688048169017
dist_circumcenter__orthocenter,dist_steiner_focus_1__steiner_focus_2,inradius,1,1,1,0.0019424328347668052
area,dist_incenter__steiner_focus_2,perimeter,2,1,1,0.0019637630321085453
dist_incenter__steiner_focus_2,dist_orthocenter__steiner_focus_2,perimeter,1,1,1,0.001967588672414422
circumradius,dist_incenter__orthocenter,dist_steiner_focus_1__steiner_focus_2,1,1,1,0.0019783254247158766
circumradius,dist_centroid__incenter,dist_steiner_focus_1__steiner_focus_2,1,1,1,0.00199109292589128
dist_centroid__incenter,dist_circumcenter__orthocenter,dist_orthocenter__steiner_focus_1,1,1,1,0.0019950063433498144
area,circumradius,dist_steiner_focus_1__steiner_focus_2,2,1,1,0.0020211588125675917
area,dist_centroid__steiner_focus_2,dist_circumcenter__orthocenter,2,1,1,0.0020270957611501217
dist_centroid__steiner_focus_1,dist_circumcenter__orthocenter,inradius,1,1,1,0.0020470982417464256
dist_centroid__circumcenter,dist_orthocenter__steiner_focus_2,dist_steiner_focus_1__steiner_focus_2,1,1,1,0.002050467301160097
circumradius,dist_centroid__steiner_focus_1,dist_circumcenter__steiner_focus_2,1,1,1,0.0020833611488342285
dist_centroid__circumcenter,dist_centroid__steiner_focus_1,dist_circumcenter__incenter,1,1,1,0.002083828207105398
dist_circumcenter__orthocenter,dist_incenter__steiner_focus_2,perimeter,1,1,1,0.002084570936858654
circumradius,dist_circumcenter__incenter,dist_circumcenter__orthocenter,1,1,1,0.0020887756254523993
dist_centroid__circumcenter,dist_circumcenter__incenter,dist_circumcenter__steiner_focus_1,1,1,1,0.002108914079144597
area,circumradius,dist_orthocenter__steiner_focus_1,2,1,1,0.0021140160970389843
area,dist_circumcenter__orthocenter,dist_incenter__orthocenter,2,1,1,0.0021199092734605074
dist_circumcenter__incenter,dist_incenter__steiner_focus_2,dist_orthocenter__steiner_focus_1,1,1,1,0.0021315100602805614
dist_centroid__circumcenter,dist_circumcenter__steiner_focus_2,dist_orthocenter__steiner_focus_2,1,1,1,0.0021612755954265594
dist_centroid__circumcenter,dist_orthocenter__steiner_focus_1,dist_steiner_focus_1__steiner_focus_2,1,1,1,0.002179634990170598
dist_centroid__incenter,dist_circumcenter__incenter,dist_orthocenter__steiner_focus_2,1,1,1,0.002180707873776555
dist_circumcenter__orthocenter,dist_circumcenter__steiner_focus_2,dist_orthocenter__steiner_focus_1,1,1,1,0.0021823253482580185
dist_circumcenter__incenter,dist_orthocenter__steiner_focus_1,semiperimeter,1,1,1,0.00219501880928874
dist_incenter__steiner_focus_2,inradius,semiperimeter,1,1,1,0.002197172725573182
dist_orthocenter__steiner_focus_1,dist_steiner_focus_1__steiner_focus_2,semiperimeter,1,1,1,0.0022004148922860622
dist_centroid__orthocenter,dist_circumcenter__steiner_focus_1,semiperimeter,1,1,1,0.0022223168052732944
dist_centroid__circumcenter,dist_circumcenter__incenter,dist_circumcenter__steiner_focus_2,1,1,1,0.0022297946270555258
dist_incenter__orthocenter,dist_steiner_focus_1__steiner_focus_2,semiperimeter,1,1,1,0.0022306181490421295
dist_circumcenter__orthocenter,dist_circumcenter__steiner_focus_1,semiperimeter,1,1,1,0.002273766789585352
dist_orthocenter__steiner_focus_1,dist_steiner_focus_1__steiner_focus_2,perimeter,1,1,1,0.002276084152981639
dist_circumcenter__incenter,dist_incenter__steiner_focus_1,dist_orthocenter__steiner_focus_2,1,1,1,0.002280081156641245
circumradius,dist_centroid__steiner_focus_1,dist_orthocenter__steiner_focus_2,1,1,1,0.0022958472836762667
dist_incenter__steiner_focus_1,inradius,semiperimeter,1,1,1,0.002309599192813039
circumradius,dist_centroid__incenter,dist_centroid__steiner_focus_1,1,1,1,0.0023314286954700947
dist_centroid__incenter,dist_orthocenter__steiner_focus_1,semiperimeter,1,1,1,0.002335502067580819
dist_circumcenter__steiner_focus_1,dist_circumcenter__steiner_focus_2,dist_orthocenter__steiner_focus_2,1,1,1,0.002345943357795477
dist_circumcenter__orthocenter,dist_circumcenter__steiner_focus_2,dist_incenter__orthocenter,1,1,1,0.002369542606174946
circumradius,dist_orthocenter__steiner_focus_1,inradius,1,1,1,0.002382601611316204
circumradius,dist_centroid__incenter,semiperimeter,1,1,1,0.00238304166123271
dist_centroid__orthocenter,dist_orthocenter__steiner_focus_1,dist_orthocenter__steiner_focus_2,1,1,1,0.002384401857852936
area,dist_centroid__orthocenter,dist_incenter__orthocenter,2,1,1,0.0023909530136734247
dist_centroid__incenter,dist_circumcenter__incenter,dist_orthocenter__steiner_focus_1,1,1,1,0.0024021596182137728
circumradius,dist_centroid__steiner_focus_1,dist_circumcenter__steiner_focus_1,1,1,1,0.0024102232418954372
dist_centroid__steiner_focus_2,dist_circumcenter__incenter,dist_circumcenter__orthocenter,1,1,1,0.0024140828754752874
dist_circumcenter__orthocenter,dist_circumcenter__steiner_focus_1,dist_orthocenter__steiner_focus_2,1,1,1,0.002425186103209853
dist_circumcenter__incenter,dist_incenter__orthocenter,semiperimeter,1,1,1,0.0024323477409780025
dist_centroid__incenter,dist_orthocenter__steiner_focus_2,semiperimeter,1,1,1,0.002443509642034769
dist_centroid__orthocenter,dist_incenter__steiner_focus_2,perimeter,1,1,1,0.002455472480505705
area,dist_centroid__steiner_focus_2,perimeter,2,1,1,0.002463890239596367
dist_incenter__steiner_focus_1,dist_incenter__steiner_focus_2,semiperimeter,1,1,1,0.0024722388479858637
dist_centroid__circumcenter,dist_circumcenter__steiner_focus_1,dist_orthocenter__steiner_focus_1,1,1,1,0.0024839153047651052
dist_circumcenter__orthocenter,dist_circumcenter__steiner_focus_2,semiperimeter,1,1,1,0.002487288089469075
dist_circumcenter__steiner_focus_1,dist_incenter__steiner_focus_2,perimeter,1,1,1,0.0025007808580994606
circumradius,dist_orthocenter__steiner_focus_2,inradius,1,1,1,0.002500866074115038
dist_incenter__orthocenter,dist_orthocenter__steiner_focus_1,dist_orthocenter__steiner_focus_2,1,1,1,0.002505024429410696
circumradius,dist_incenter__orthocenter,inradius,1,1,1,0.002507219323888421
dist_centroid__circumcenter,dist_centroid__steiner_focus_2,dist_circumcenter__incenter,1,1,1,0.0025202729739248753
dist_centroid__incenter,dist_circumcenter__incenter,semiperimeter,1,1,1,0.002531924983486533
dist_circumcenter__orthocenter,dist_incenter__steiner_focus_1,perimeter,1,1,1,0.0025354085955768824
dist_centroid__incenter,dist_centroid__orthocenter,semiperimeter,1,1,1,0.002535502426326275
dist_circumcenter__orthocenter,dist_circumcenter__steiner_focus_1,dist_incenter__orthocenter,1,1,1,0.002568406518548727
circumradius,dist_centroid__steiner_focus_2,dist_circumcenter__steiner_focus_2,1,1,1,0.002569550182670355
dist_centroid__orthocenter,dist_circumcenter__steiner_focus_2,dist_incenter__orthocenter,1,1,1,0.0025700030382722616
dist_centroid__steiner_focus_1,dist_circumcenter__incenter,dist_circumcenter__orthocenter,1,1,1,0.0025846646167337894
dist_incenter__steiner_focus_1,dist_orthocenter__steiner_focus_1,perimeter,1,1,1,0.002588472329080105
circumradius,dist_orthocenter__steiner_focus_1,dist_steiner_focus_1__steiner_focus_2,1,1,1,0.002592319855466485
dist_centroid__orthocenter,dist_circumcenter__steiner_focus_2,semiperimeter,1,1,1,0.0025986514519900084
dist_centroid__incenter,dist_circumcenter__orthocenter,dist_steiner_focus_1__steiner_focus_2,1,1,1,0.002634663600474596
dist_circumcenter__orthocenter,dist_incenter__orthocenter,dist_incenter__steiner_focus_1,1,1,1,0.0026540702674537897
dist_circumcenter__steiner_focus_2,dist_incenter__steiner_focus_1,dist_orthocenter__steiner_focus_2,1,1,1,0.002671829890459776
dist_centroid__incenter,dist_incenter__orthocenter,semiperimeter,1,1,1,0.0026832318399101496
dist_circumcenter__incenter,dist_orthocenter__steiner_focus_2,semiperimeter,1,1,1,0.002683619037270546
dist_centroid__circumcenter,dist_circumcenter__incenter,dist_orthocenter__steiner_focus_2,1,1,1,0.0026857759803533554
area,dist_centroid__orthocenter,dist_centroid__steiner_focus_2,2,1,1,0.002696745563298464
dist_circumcenter__incenter,dist_circumcenter__steiner_focus_1,dist_orthocenter__steiner_focus_1,1,1,1,0.002705387072637677
dist_centroid__orthocenter,dist_centroid__steiner_focus_1,inradius,1,1,1,0.0027074594981968403
dist_incenter__orthocenter,dist_incenter__steiner_focus_2,perimeter,1,1,1,0.002718505682423711
dist_centroid__incenter,dist_circumcenter__steiner_focus_2,semiperimeter,1,1,1,0.0027295330073684454
dist_circumcenter__steiner_focus_1,dist_incenter__orthocenter,semiperimeter,1,1,1,0.0027466348838061094
dist_centroid__circumcenter,dist_incenter__orthocenter,dist_incenter__steiner_focus_1,1,1,1,0.002752449596300721
dist_circumcenter__orthocenter,dist_incenter__orthocenter,inradius,1,1,1,0.002757686423137784
dist_centroid__incenter,dist_orthocenter__steiner_focus_1,dist_orthocenter__steiner_focus_2,1,1,1,0.002764280652627349
dist_centroid__incenter,dist_circumcenter__orthocenter,dist_orthocenter__steiner_focus_2,1,1,1,0.002765812212601304
dist_centroid__orthocenter,dist_circumcenter__orthocenter,dist_steiner_focus_1__steiner_focus_2,1,1,1,0.0027967949863523245
dist_circumcenter__steiner_focus_1,dist_steiner_focus_1__steiner_focus_2,semiperimeter,1,1,1,0.002799623180180788
dist_orthocenter__steiner_focus_2,dist_steiner_focus_1__steiner_focus_2,semiperimeter,1,1,1,0.0028445087373256683
area,circumradius,dist_circumcenter__steiner_focus_2,2,1,1,0.002848009578883648
dist_centroid__circumcenter,dist_circumcenter__steiner_focus_1,dist_incenter__orthocenter,1,1,1,0.0028570054564625025
dist_circumcenter__incenter,dist_incenter__orthocenter,dist_orthocenter__steiner_focus_1,1,1,1,0.0028703431598842144
area,dist_centroid__incenter,semiperimeter,2,1,1,0.002873622812330723
area,dist_centroid__orthocenter,dist_centroid__steiner_focus_1,2,1,1,0.002877986989915371
dist_incenter__steiner_focus_2,dist_orthocenter__steiner_focus_1,perimeter,1,1,1,0.00288261566311121
dist_centroid__orthocenter,dist_steiner_focus_1__steiner_focus_2,inradius,1,1,1,0.0028858953155577183
dist_incenter__orthocenter,dist_orthocenter__steiner_focus_2,semiperimeter,1,1,1,0.002894071862101555
dist_circumcenter__incenter,dist_circumcenter__orthocenter,dist_incenter__steiner_focus_1,1,1,1,0.0029000358190387487
dist_circumcenter__incenter,dist_incenter__orthocenter,dist_orthocenter__steiner_focus_2,1,1,1,0.0029301594477146864
circumradius,dist_centroid__circumcenter,dist_orthocenter__steiner_focus_1,1,1,1,0.002940934617072344
circumradius,dist_circumcenter__steiner_focus_2,inradius,1,1,1,0.0029676775448024273
dist_centroid__circumcenter,dist_steiner_focus_1__steiner_focus_2,inradius,1,1,1,0.002972816815599799
area,circumradius,dist_incenter__orthocenter,2,1,1,0.002974005648866296
area,dist_circumcenter__orthocenter,dist_steiner_focus_1__steiner_focus_2,2,1,1,0.0029827177058905363
dist_centroid__orthocenter,dist_incenter__steiner_focus_1,perimeter,1,1,1,0.0029832348227500916
dist_centroid__incenter,dist_circumcenter__steiner_focus_1,semiperimeter,1,1,1,0.0029871666338294744
dist_centroid__orthocenter,dist_orthocenter__steiner_focus_1,semiperimeter,1,1,1,0.0029890150763094425
dist_incenter__steiner_focus_2,perimeter,semiperimeter,1,1,1,0.002997795818373561
area,dist_incenter__steiner_focus_1,inradius,2,1,1,0.0030126941855996847
dist_centroid__incenter,dist_circumcenter__steiner_focus_1,dist_orthocenter__steiner_focus_1,1,1,1,0.0030308139976114035
dist_circumcenter__steiner_focus_1,dist_incenter__steiner_focus_1,dist_orthocenter__steiner_focus_2,1,1,1,0.003033657558262348
circumradius,dist_centroid__circumcenter,dist_orthocenter__steiner_focus_2,1,1,1,0.0030372317414730787
dist_centroid__incenter,dist_centroid__orthocenter,dist_orthocenter__steiner_focus_1,1,1,1,0.003043294418603182
dist_centroid__incenter,dist_centroid__orthocenter,dist_orthocenter__steiner_focus_2,1,1,1,0.0030497971456497908
circumradius,dist_centroid__incenter,dist_circumcenter__orthocenter,1,1,1,0.0030529869254678488
dist_incenter__orthocenter,dist_incenter__steiner_focus_1,perimeter,1,1,1,0.0030665702652186155
dist_circumcenter__steiner_focus_2,dist_incenter__orthocenter,semiperimeter,1,1,1,0.0030694406013935804
circumradius,dist_incenter__steiner_focus_2,perimeter,1,1,1,0.0030738310888409615
dist_centroid__circumcenter,dist_incenter__steiner_focus_2,perimeter,1,1,1,0.0030962503515183926
dist_centroid__orthocenter,dist_incenter__orthocenter,dist_incenter__steiner_focus_1,1,1,1,0.003096512285992503
dist_circumcenter__steiner_focus_2,dist_incenter__steiner_focus_1,perimeter,1,1,1,0.0031033626291900873
dist_incenter__steiner_focus_1,dist_orthocenter__steiner_focus_2,perimeter,1,1,1,0.0031147536356002092
dist_incenter__orthocenter,dist_orthocenter__steiner_focus_1,semiperimeter,1,1,1,0.003123954636976123
dist_centroid__orthocenter,dist_centroid__steiner_focus_2,dist_circumcenter__incenter,1,1,1,0.0031310839112848043
dist_circumcenter__steiner_focus_2,dist_incenter__steiner_focus_2,perimeter,1,1,1,0.0031344005838036537
dist_centroid__incenter,dist_circumcenter__steiner_focus_2,dist_orthocenter__steiner_focus_2,1,1,1,0.0031527413520962
dist_circumcenter__incenter,dist_incenter__steiner_focus_2,perimeter,1,1,1,0.0031745540909469128
dist_centroid__incenter,dist_circumcenter__steiner_focus_1,dist_circumcenter__steiner_focus_2,1,1,1,0.0032061391975730658
dist_circumcenter__steiner_focus_2,dist_orthocenter__steiner_focus_1,inradius,1,1,1,0.0032413871958851814
area,dist_centroid__circumcenter,dist_circumcenter__incenter,2,1,1,0.0032462349627166986
dist_circumcenter__incenter,dist_orthocenter__steiner_focus_1,dist_steiner_focus_1__steiner_focus_2,1,1,1,0.003266328712925315
dist_centroid__circumcenter,dist_centroid__incenter,semiperimeter,1,1,1,0.0032716081477701664
dist_centroid__orthocenter,dist_circumcenter__steiner_focus_1,dist_orthocenter__steiner_focus_2,1,1,1,0.003279144875705242
dist_centroid__orthocenter,dist_orthocenter__steiner_focus_2,semiperimeter,1,1,1,0.003283614292740822
dist_circumcenter__steiner_focus_1,dist_orthocenter__steiner_focus_2,inradius,1,1,1,0.003285420825704932
dist_circumcenter__incenter,dist_circumcenter__orthocenter,dist_circumcenter__steiner_focus_2,1,1,1,0.0032970760948956013
dist_circumcenter__incenter,dist_circumcenter__steiner_focus_1,semiperimeter,1,1,1,0.00330420583486557
dist_centroid__incenter,dist_orthocenter__steiner_focus_1,dist_steiner_focus_1__steiner_focus_2,1,1,1,0.003315725363790989
circumradius,dist_centroid__orthocenter,dist_circumcenter__incenter,1,1,1,0.0033157519064843655
area,circumradius,dist_orthocenter__steiner_focus_2,2,1,1,0.0033469696063548326
dist_circumcenter__incenter,dist_circumcenter__steiner_focus_2,dist_orthocenter__steiner_focus_2,1,1,1,0.0033490557689219713
circumradius,dist_circumcenter__steiner_focus_2,dist_steiner_focus_1__steiner_focus_2,1,1,1,0.0033584358170628548
dist_circumcenter__incenter,dist_incenter__orthocenter,dist_steiner_focus_1__steiner_focus_2,1,1,1,0.00337151694111526
circumradius,dist_circumcenter__steiner_focus_1,inradius,1,1,1,0.0034071134869009256
dist_centroid__circumcenter,dist_incenter__steiner_focus_1,perimeter,1,1,1,0.003449183888733387
dist_centroid__orthocenter,dist_centroid__steiner_focus_1,dist_circumcenter__incenter,1,1,1,0.003471051575616002
circumradius,dist_centroid__steiner_focus_1,dist_orthocenter__steiner_focus_1,1,1,1,0.003490074770525098
circumradius,dist_incenter__steiner_focus_1,perimeter,1,1,1,0.0034954261500388384
dist_circumcenter__orthocenter,dist_orthocenter__steiner_focus_1,dist_orthocenter__steiner_focus_2,1,1,1,0.0035127783194184303
dist_circumcenter__incenter,dist_incenter__steiner_focus_1,perimeter,1,1,1,0.003522170940414071
area,dist_centroid__incenter,inradius,2,1,1,0.0035294124390929937
area,dist_circumcenter__incenter,dist_circumcenter__orthocenter,2,1,1,0.003540104953572154
dist_circumcenter__incenter,dist_orthocenter__steiner_focus_2,dist_steiner_focus_1__steiner_focus_2,1,1,1,0.0035508687142282724
dist_centroid__incenter,dist_orthocenter__steiner_focus_2,dist_steiner_focus_1__steiner_focus_2,1,1,1,0.003558482974767685
dist_centroid__incenter,dist_centroid__steiner_focus_1,dist_circumcenter__orthocenter,1,1,1,0.0035769864916801453
dist_orthocenter__steiner_focus_1,dist_orthocenter__steiner_focus_2,perimeter,1,1,1,0.0035802237689495087
dist_centroid__orthocenter,dist_centroid__steiner_focus_2,inradius,1,1,1,0.0035831488203257322
dist_circumcenter__orthocenter,dist_incenter__orthocenter,dist_incenter__steiner_focus_2,1,1,1,0.0036014767829328775
area,circumradius,dist_circumcenter__steiner_focus_1,2,1,1,0.003610041690990329
dist_centroid__circumcenter,dist_circumcenter__steiner_focus_2,dist_orthocenter__steiner_focus_1,1,1,1,0.0036722684744745493
circumradius,dist_orthocenter__steiner_focus_2,dist_steiner_focus_1__steiner_focus_2,1,1,1,0.0036828946322202682
area,circumradius,dist_centroid__orthocenter,2,1,1,0.003733441000804305
dist_circumcenter__steiner_focus_1,dist_incenter__steiner_focus_1,perimeter,1,1,1,0.0037391178775578737
dist_centroid__circumcenter,dist_centroid__steiner_focus_1,dist_orthocenter__steiner_focus_1,1,1,1,0.003760245395824313
dist_centroid__circumcenter,dist_incenter__steiner_focus_1,dist_orthocenter__steiner_focus_2,1,1,1,0.0037986154202371836
dist_centroid__incenter,dist_centroid__orthocenter,dist_steiner_focus_1__steiner_focus_2,1,1,1,0.0038070150185376406
dist_centroid__circumcenter,dist_centroid__steiner_focus_1,dist_orthocenter__steiner_focus_2,1,1,1,0.0038139144890010357
dist_centroid__circumcenter,dist_centroid__steiner_focus_2,dist_orthocenter__steiner_focus_2,1,1,1,0.0038241141010075808
dist_centroid__incenter,dist_centroid__steiner_focus_2,dist_circumcenter__orthocenter,1,1,1,0.003858959535136819
dist_circumcenter__orthocenter,dist_orthocenter__steiner_focus_2,semiperimeter,1,1,1,0.003859270364046097
dist_centroid__incenter,dist_circumcenter__steiner_focus_2,dist_orthocenter__steiner_focus_1,1,1,1,0.003884840989485383
dist_circumcenter__incenter,dist_circumcenter__orthocenter,inradius,1,1,1,0.0039161089807748795
dist_centroid__circumcenter,dist_incenter__orthocenter,dist_incenter__steiner_focus_2,1,1,1,0.003925442695617676
dist_centroid__circumcenter,dist_centroid__steiner_focus_2,dist_orthocenter__steiner_focus_1,1,1,1,0.003937262576073408
dist_circumcenter__steiner_focus_1,dist_incenter__steiner_focus_2,dist_orthocenter__steiner_focus_1,1,1,1,0.003956150729209185
area,dist_centroid__circumcenter,dist_centroid__steiner_focus_1,2,1,1,0.003963992465287447
dist_circumcenter__orthocenter,dist_orthocenter__steiner_focus_1,semiperimeter,1,1,1,0.003968265373259783
area,dist_centroid__steiner_focus_2,dist_circumcenter__steiner_focus_2,2,1,1,0.0040439944714307785
dist_centroid__orthocenter,dist_incenter__orthocenter,inradius,1,1,1,0.00404779938980937
dist_circumcenter__orthocenter,dist_circumcenter__steiner_focus_2,dist_orthocenter__steiner_focus_2,1,1,1,0.004056996200233698
dist_incenter__steiner_focus_1,dist_steiner_focus_1__steiner_focus_2,semiperimeter,1,1,1,0.00411591213196516
area,dist_centroid__circumcenter,dist_steiner_focus_1__steiner_focus_2,2,1,1,0.0042151641100645065
dist_centroid__orthocenter,dist_circumcenter__incenter,dist_incenter__steiner_focus_1,1,1,1,0.004240595735609531
dist_circumcenter__orthocenter,dist_circumcenter__steiner_focus_1,dist_orthocenter__steiner_focus_1,1,1,1,0.004252369049936533
dist_centroid__circumcenter,dist_incenter__steiner_focus_2,dist_orthocenter__steiner_focus_1,1,1,1,0.0043070195242762566
dist_centroid__incenter,dist_circumcenter__orthocenter,dist_incenter__steiner_focus_1,1,1,1,0.004317209590226412
area,dist_centroid__orthocenter,dist_steiner_focus_1__steiner_focus_2,2,1,1,0.00433452520519495
circumradius,dist_circumcenter__steiner_focus_1,dist_steiner_focus_1__steiner_focus_2,1,1,1,0.004339650738984346
dist_centroid__circumcenter,dist_circumcenter__steiner_focus_1,dist_circumcenter__steiner_focus_2,1,1,1,0.004355195909738541
dist_centroid__steiner_focus_1,dist_circumcenter__incenter,dist_orthocenter__steiner_focus_1,1,1,1,0.004421793855726719
dist_centroid__orthocenter,dist_orthocenter__steiner_focus_1,dist_steiner_focus_1__steiner_focus_2,1,1,1,0.004453452304005623
circumradius,dist_centroid__incenter,dist_centroid__orthocenter,1,1,1,0.004454066511243582
dist_centroid__incenter,dist_incenter__orthocenter,dist_orthocenter__steiner_focus_2,1,1,1,0.004465394653379917
area,dist_centroid__steiner_focus_1,dist_circumcenter__steiner_focus_2,2,1,1,0.004472648724913597
area,dist_centroid__circumcenter,dist_centroid__steiner_focus_2,2,1,1,0.004515551961958408
circumradius,dist_circumcenter__incenter,dist_incenter__orthocenter,1,1,1,0.004541216418147087
area,dist_incenter__steiner_focus_2,inradius,2,1,1,0.0045455507934093475
dist_centroid__incenter,dist_circumcenter__incenter,dist_steiner_focus_1__steiner_focus_2,1,1,1,0.004554229322820902
dist_centroid__circumcenter,dist_circumcenter__incenter,dist_incenter__steiner_focus_1,1,1,1,0.0045716590248048306
circumradius,dist_circumcenter__orthocenter,dist_circumcenter__steiner_focus_1,1,1,1,0.004597751889377832
dist_centroid__orthocenter,dist_circumcenter__incenter,dist_circumcenter__steiner_focus_2,1,1,1,0.004612374119460583
dist_centroid__incenter,dist_circumcenter__incenter,dist_circumcenter__steiner_focus_2,1,1,1,0.00463099917396903
dist_circumcenter__incenter,dist_circumcenter__orthocenter,dist_circumcenter__steiner_focus_1,1,1,1,0.004684078972786665
dist_centroid__circumcenter,dist_circumcenter__incenter,inradius,1,1,1,0.004774647764861584
dist_centroid__incenter,dist_circumcenter__steiner_focus_2,dist_steiner_focus_1__steiner_focus_2,1,1,1,0.004821620881557465
dist_incenter__orthocenter,dist_orthocenter__steiner_focus_1,dist_steiner_focus_1__steiner_focus_2,1,1,1,0.0048254188150167465
dist_centroid__circumcenter,dist_centroid__incenter,dist_orthocenter__steiner_focus_2,1,1,1,0.0048283119685947895
dist_circumcenter__orthocenter,dist_circumcenter__steiner_focus_2,dist_steiner_focus_1__steiner_focus_2,1,1,1,0.004847974982112646
area,dist_centroid__circumcenter,dist_orthocenter__steiner_focus_1,2,1,1,0.004851034376770258
dist_centroid__circumcenter,dist_circumcenter__steiner_focus_1,dist_orthocenter__steiner_focus_2,1,1,1,0.0048550949431955814
circumradius,dist_centroid__incenter,dist_circumcenter__incenter,1,1,1,0.004882095847278833
dist_centroid__orthocenter,dist_circumcenter__steiner_focus_1,dist_orthocenter__steiner_focus_1,1,1,1,0.004887820221483707
circumradius,dist_centroid__circumcenter,dist_circumcenter__steiner_focus_1,1,1,1,0.004895112011581659
area,dist_centroid__orthocenter,dist_circumcenter__incenter,2,1,1,0.004895195364952087
dist_centroid__incenter,dist_incenter__steiner_focus_1,dist_orthocenter__steiner_focus_2,1,1,1,0.004920946434140205
dist_centroid__circumcenter,dist_circumcenter__steiner_focus_1,dist_steiner_focus_1__steiner_focus_2,1,1,1,0.004929994698613882
dist_incenter__steiner_focus_2,dist_orthocenter__steiner_focus_2,semiperimeter,1,1,1,0.0049514747224748135
dist_centroid__steiner_focus_1,dist_circumcenter__orthocenter,dist_circumcenter__steiner_focus_1,1,1,1,0.004965237341821194
dist_centroid__incenter,dist_circumcenter__steiner_focus_1,dist_steiner_focus_1__steiner_focus_2,1,1,1,0.004971198737621307
dist_centroid__orthocenter,dist_circumcenter__incenter,inradius,1,1,1,0.004977583885192871
circumradius,dist_centroid__circumcenter,dist_circumcenter__steiner_focus_2,1,1,1,0.004997945390641689
dist_circumcenter__steiner_focus_1,dist_incenter__orthocenter,dist_orthocenter__steiner_focus_1,1,1,1,0.005002472084015608
dist_centroid__steiner_focus_2,dist_circumcenter__incenter,dist_orthocenter__steiner_focus_1,1,1,1,0.005004499107599258
dist_centroid__circumcenter,dist_circumcenter__steiner_focus_2,dist_steiner_focus_1__steiner_focus_2,1,1,1,0.005019376985728741
dist_incenter__orthocenter,dist_steiner_focus_1__steiner_focus_2,inradius,1,1,1,0.005050660576671362
dist_circumcenter__orthocenter,dist_circumcenter__steiner_focus_1,dist_steiner_focus_1__steiner_focus_2,1,1,1,0.005070814397186041
dist_circumcenter__incenter,dist_circumcenter__orthocenter,dist_incenter__steiner_focus_2,1,1,1,0.005082448944449425
dist_centroid__steiner_focus_2,dist_circumcenter__orthocenter,dist_circumcenter__steiner_focus_2,1,1,1,0.005099696107208729
dist_centroid__orthocenter,dist_circumcenter__steiner_focus_1,dist_incenter__orthocenter,1,1,1,0.005103226285427809
dist_incenter__steiner_focus_2,dist_steiner_focus_1__steiner_focus_2,semiperimeter,1,1,1,0.005116656888276339
circumradius,dist_centroid__steiner_focus_2,dist_circumcenter__steiner_focus_1,1,1,1,0.005120547488331795
circumradius,dist_circumcenter__incenter,dist_circumcenter__steiner_focus_2,1,1,1,0.005126436706632376
dist_centroid__circumcenter,dist_centroid__incenter,dist_orthocenter__steiner_focus_1,1,1,1,0.005127789918333292
area,dist_centroid__steiner_focus_1,dist_orthocenter__steiner_focus_1,2,1,1,0.005182803608477116
dist_centroid__incenter,dist_centroid__steiner_focus_2,dist_orthocenter__steiner_focus_1,1,1,1,0.005186642985790968
dist_circumcenter__steiner_focus_1,dist_circumcenter__steiner_focus_2,dist_orthocenter__steiner_focus_1,1,1,1,0.0051920609548687935
dist_centroid__steiner_focus_2,dist_circumcenter__incenter,dist_orthocenter__steiner_focus_2,1,1,1,0.005195979960262775
dist_centroid__steiner_focus_1,dist_circumcenter__incenter,dist_incenter__orthocenter,1,1,1,0.0052281953394412994
circumradius,dist_circumcenter__incenter,dist_orthocenter__steiner_focus_1,1,1,1,0.0052357809618115425
dist_centroid__incenter,dist_circumcenter__incenter,dist_circumcenter__steiner_focus_1,1,1,1,0.005236851051449776
dist_circumcenter__steiner_focus_1,dist_orthocenter__steiner_focus_1,semiperimeter,1,1,1,0.005236922297626734
dist_circumcenter__steiner_focus_2,dist_incenter__orthocenter,dist_orthocenter__steiner_focus_2,1,1,1,0.005253287497907877
area,dist_centroid__circumcenter,dist_orthocenter__steiner_focus_2,2,1,1,0.005309086758643389
circumradius,dist_circumcenter__orthocenter,dist_circumcenter__steiner_focus_2,1,1,1,0.005327519960701466
circumradius,dist_centroid__steiner_focus_1,dist_incenter__steiner_focus_1,1,1,1,0.005333309061825275
dist_centroid__orthocenter,dist_orthocenter__steiner_focus_2,dist_steiner_focus_1__steiner_focus_2,1,1,1,0.005336116533726454
area,dist_centroid__incenter,dist_circumcenter__orthocenter,2,1,1,0.005352061241865158
dist_centroid__incenter,dist_steiner_focus_1__steiner_focus_2,inradius,1,1,1,0.005383661016821861
dist_circumcenter__incenter,dist_circumcenter__steiner_focus_1,dist_orthocenter__steiner_focus_2,1,1,1,0.005394345615059137
dist_centroid__orthocenter,dist_incenter__orthocenter,dist_incenter__steiner_focus_2,1,1,1,0.0053984979167580605
dist_circumcenter__steiner_focus_2,dist_orthocenter__steiner_focus_2,semiperimeter,1,1,1,0.005406731739640236
dist_incenter__steiner_focus_1,dist_orthocenter__steiner_focus_1,semiperimeter,1,1,1,0.005437710788100958
circumradius,dist_centroid__steiner_focus_2,dist_incenter__steiner_focus_1,1,1,1,0.005447479896247387
area,dist_centroid__steiner_focus_2,dist_orthocenter__steiner_focus_1,2,1,1,0.005451216362416744
area,dist_circumcenter__steiner_focus_2,dist_steiner_focus_1__steiner_focus_2,2,1,1,0.005451431032270193
dist_centroid__incenter,dist_centroid__steiner_focus_1,dist_orthocenter__steiner_focus_1,1,1,1,0.00547438720241189
dist_centroid__orthocenter,dist_circumcenter__steiner_focus_2,dist_orthocenter__steiner_focus_2,1,1,1,0.005480577237904072
dist_centroid__circumcenter,dist_centroid__steiner_focus_1,inradius,1,1,1,0.005487353075295687
dist_centroid__incenter,dist_circumcenter__orthocenter,dist_circumcenter__steiner_focus_2,1,1,1,0.005499130580574274
dist_centroid__circumcenter,dist_centroid__steiner_focus_2,inradius,1,1,1,0.005511204246431589
dist_circumcenter__orthocenter,dist_incenter__steiner_focus_2,semiperimeter,1,1,1,0.005523175932466984
dist_circumcenter__steiner_focus_2,dist_steiner_focus_1__steiner_focus_2,inradius,1,1,1,0.00554454093798995
dist_centroid__incenter,dist_centroid__steiner_focus_1,dist_orthocenter__steiner_focus_2,1,1,1,0.0055611697025597095
area,dist_centroid__circumcenter,dist_circumcenter__steiner_focus_1,2,1,1,0.005564436782151461
area,dist_circumcenter__orthocenter,dist_circumcenter__steiner_focus_1,2,1,1,0.0055677262134850025
circumradius,dist_centroid__incenter,dist_orthocenter__steiner_focus_1,1,1,1,0.005573220085352659
dist_circumcenter__incenter,dist_circumcenter__steiner_focus_2,dist_incenter__steiner_focus_1,1,1,1,0.00560408690944314
dist_centroid__incenter,dist_centroid__orthocenter,dist_centroid__steiner_focus_1,1,1,1,0.005625351332128048
dist_centroid__incenter,dist_circumcenter__orthocenter,dist_circumcenter__steiner_focus_1,1,1,1,0.005640557035803795
circumradius,dist_circumcenter__steiner_focus_2,dist_incenter__steiner_focus_2,1,1,1,0.0056931194849312305
dist_centroid__incenter,dist_centroid__steiner_focus_2,dist_orthocenter__steiner_focus_2,1,1,1,0.005712249781936407
dist_centroid__incenter,dist_centroid__orthocenter,dist_centroid__steiner_focus_2,1,1,1,0.005712851416319609
dist_circumcenter__incenter,dist_circumcenter__steiner_focus_1,dist_circumcenter__steiner_focus_2,1,1,1,0.005730153992772102
dist_centroid__steiner_focus_2,dist_incenter__steiner_focus_1,dist_orthocenter__steiner_focus_2,1,1,1,0.0057449438609182835
dist_centroid__steiner_focus_2,dist_circumcenter__steiner_focus_2,dist_orthocenter__steiner_focus_2,1,1,1,0.005752746947109699
area,dist_centroid__steiner_focus_1,dist_circumcenter__steiner_focus_1,2,1,1,0.005767554044723511
dist_centroid__steiner_focus_1,dist_orthocenter__steiner_focus_1,inradius,1,1,1,0.005783159751445055
dist_centroid__circumcenter,dist_centroid__incenter,dist_steiner_focus_1__steiner_focus_2,1,1,1,0.005794086959213018
dist_centroid__orthocenter,dist_circumcenter__steiner_focus_2,dist_steiner_focus_1__steiner_focus_2,1,1,1,0.0058179814368486404
dist_centroid__incenter,dist_circumcenter__steiner_focus_1,dist_orthocenter__steiner_focus_2,1,1,1,0.005831433925777674
circumradius,dist_centroid__orthocenter,dist_circumcenter__steiner_focus_2,1,1,1,0.005835645832121372
dist_centroid__circumcenter,dist_incenter__orthocenter,inradius,1,1,1,0.005872252397239208
circumradius,dist_centroid__orthocenter,dist_circumcenter__steiner_focus_1,1,1,1,0.005872694775462151
dist_circumcenter__incenter,dist_circumcenter__steiner_focus_2,dist_steiner_focus_1__steiner_focus_2,1,1,1,0.005878775380551815
dist_centroid__steiner_focus_2,dist_incenter__steiner_focus_2,dist_orthocenter__steiner_focus_1,1,1,1,0.005912370048463345
dist_circumcenter__steiner_focus_1,dist_orthocenter__steiner_focus_1,dist_steiner_focus_1__steiner_focus_2,1,1,1,0.005932750646024942
circumradius,dist_centroid__steiner_focus_1,dist_incenter__steiner_focus_2,1,1,1,0.005944716744124889
dist_centroid__orthocenter,dist_circumcenter__steiner_focus_1,dist_steiner_focus_1__steiner_focus_2,1,1,1,0.0059510511346161366
dist_centroid__steiner_focus_1,dist_circumcenter__steiner_focus_2,inradius,1,1,1,0.005962149240076542
dist_centroid__steiner_focus_1,dist_circumcenter__incenter,dist_orthocenter__steiner_focus_2,1,1,1,0.005989032797515392
dist_centroid__steiner_focus_1,dist_incenter__steiner_focus_1,dist_orthocenter__steiner_focus_2,1,1,1,0.006031418684870005
dist_circumcenter__orthocenter,dist_incenter__steiner_focus_1,semiperimeter,1,1,1,0.006042856723070145
area,dist_centroid__orthocenter,dist_circumcenter__steiner_focus_1,2,1,1,0.006087855435907841
dist_centroid__steiner_focus_1,dist_incenter__steiner_focus_2,dist_orthocenter__steiner_focus_1,1,1,1,0.006104140542447567
dist_circumcenter__steiner_focus_1,dist_steiner_focus_1__steiner_focus_2,inradius,1,1,1,0.006116327363997698
dist_circumcenter__steiner_focus_2,dist_incenter__orthocenter,dist_steiner_focus_1__steiner_focus_2,1,1,1,0.00611735787242651
dist_centroid__steiner_focus_1,dist_circumcenter__orthocenter,dist_circumcenter__steiner_focus_2,1,1,1,0.006148816552013159
area,dist_centroid__circumcenter,dist_circumcenter__steiner_focus_2,2,1,1,0.006151681765913963
dist_centroid__steiner_focus_2,dist_circumcenter__incenter,dist_incenter__orthocenter,1,1,1,0.00615274254232645
dist_centroid__orthocenter,dist_centroid__steiner_focus_1,dist_orthocenter__steiner_focus_1,1,1,1,0.006162856239825487
dist_circumcenter__steiner_focus_2,dist_incenter__steiner_focus_1,semiperimeter,1,1,1,0.006174984388053417
dist_circumcenter__steiner_focus_2,dist_orthocenter__steiner_focus_2,dist_steiner_focus_1__steiner_focus_2,1,1,1,0.006189162842929363
dist_centroid__orthocenter,dist_centroid__steiner_focus_1,dist_circumcenter__steiner_focus_2,1,1,1,0.006192345172166824
dist_circumcenter__incenter,dist_circumcenter__steiner_focus_2,dist_orthocenter__steiner_focus_1,1,1,1,0.00620091799646616
area,dist_incenter__orthocenter,dist_steiner_focus_1__steiner_focus_2,2,1,1,0.006209921091794968
dist_centroid__circumcenter,dist_circumcenter__incenter,dist_incenter__steiner_focus_2,1,1,1,0.006213476415723562
dist_circumcenter__steiner_focus_1,dist_circumcenter__steiner_focus_2,semiperimeter,1,1,1,0.006219825241714716
circumradius,dist_incenter__orthocenter,dist_orthocenter__steiner_focus_1,1,1,1,0.0062225633300840855
dist_orthocenter__steiner_focus_1,dist_steiner_focus_1__steiner_focus_2,inradius,1,1,1,0.0062316181138157845
dist_incenter__steiner_focus_2,dist_orthocenter__steiner_focus_2,inradius,1,1,1,0.006295965518802404
dist_centroid__incenter,dist_circumcenter__orthocenter,inradius,1,1,1,0.006303122267127037
circumradius,dist_centroid__incenter,dist_orthocenter__steiner_focus_2,1,1,1,0.0063296421431005
dist_incenter__orthocenter,dist_orthocenter__steiner_focus_2,dist_steiner_focus_1__steiner_focus_2,1,1,1,0.006331207696348429
dist_circumcenter__steiner_focus_1,dist_incenter__orthocenter,dist_steiner_focus_1__steiner_focus_2,1,1,1,0.006390834227204323
area,dist_centroid__steiner_focus_1,dist_incenter__orthocenter,2,1,1,0.006395179778337479
circumradius,dist_centroid__circumcenter,dist_centroid__incenter,1,1,1,0.006422578822821379
dist_circumcenter__steiner_focus_1,dist_incenter__steiner_focus_2,semiperimeter,1,1,1,0.006429929751902819
dist_centroid__circumcenter,dist_centroid__steiner_focus_2,dist_circumcenter__steiner_focus_2,1,1,1,0.0064497594721615314
area,dist_circumcenter__incenter,dist_circumcenter__steiner_focus_2,2,1,1,0.006454442627727985
dist_centroid__orthocenter,dist_centroid__steiner_focus_1,dist_orthocenter__steiner_focus_2,1,1,1,0.006473106797784567
circumradius,dist_centroid__incenter,inradius,1,1,1,0.006513793952763081
dist_centroid__circumcenter,dist_centroid__steiner_focus_2,dist_circumcenter__steiner_focus_1,1,1,1,0.006514938548207283
area,dist_circumcenter__orthocenter,dist_circumcenter__steiner_focus_2,2,1,1,0.006518829148262739
dist_centroid__steiner_focus_1,dist_circumcenter__steiner_focus_2,dist_orthocenter__steiner_focus_2,1,1,1,0.006536461412906647
dist_centroid__steiner_focus_2,dist_circumcenter__steiner_focus_1,dist_orthocenter__steiner_focus_1,1,1,1,0.006548394914716482
circumradius,dist_centroid__steiner_focus_2,dist_incenter__steiner_focus_2,1,1,1,0.006561551708728075
circumradius,dist_incenter__steiner_focus_1,dist_steiner_focus_1__steiner_focus_2,1,1,1,0.006562215741723776
area,dist_centroid__steiner_focus_2,dist_circumcenter__steiner_focus_1,2,1,1,0.006591102574020624
dist_centroid__orthocenter,dist_centroid__steiner_focus_2,dist_orthocenter__steiner_focus_1,1,1,1,0.006591719575226307
dist_centroid__orthocenter,dist_incenter__steiner_focus_2,semiperimeter,1,1,1,0.006613305304199457
dist_centroid__circumcenter,dist_centroid__steiner_focus_1,dist_circumcenter__steiner_focus_2,1,1,1,0.006631946656852961
area,dist_centroid__steiner_focus_1,dist_orthocenter__steiner_focus_2,2,1,1,0.006651691626757383
circumradius,dist_circumcenter__incenter,dist_circumcenter__steiner_focus_1,1,1,1,0.0066652060486376286
dist_centroid__steiner_focus_2,dist_circumcenter__orthocenter,dist_incenter__steiner_focus_1,1,1,1,0.006669742055237293
circumradius,dist_circumcenter__steiner_focus_1,dist_incenter__orthocenter,1,1,1,0.006677534431219101
area,dist_centroid__steiner_focus_2,dist_incenter__orthocenter,2,1,1,0.006678893230855465
circumradius,dist_circumcenter__steiner_focus_1,dist_incenter__steiner_focus_1,1,1,1,0.006681469269096851
circumradius,dist_centroid__incenter,dist_incenter__orthocenter,1,1,1,0.006685216445475817
dist_circumcenter__incenter,dist_circumcenter__steiner_focus_2,dist_incenter__steiner_focus_2,1,1,1,0.006686870940029621
dist_incenter__steiner_focus_1,dist_orthocenter__steiner_focus_1,dist_orthocenter__steiner_focus_2,1,1,1,0.006699584424495697
dist_centroid__incenter,dist_incenter__steiner_focus_2,dist_orthocenter__steiner_focus_1,1,1,1,0.006701325066387653
dist_centroid__steiner_focus_2,dist_circumcenter__incenter,dist_circumcenter__steiner_focus_1,1,1,1,0.006728289648890495
circumradius,dist_incenter__steiner_focus_2,dist_steiner_focus_1__steiner_focus_2,1,1,1,0.0067558204755187035
dist_centroid__orthocenter,dist_centroid__steiner_focus_2,dist_orthocenter__steiner_focus_2,1,1,1,0.006770952604711056
dist_circumcenter__orthocenter,dist_circumcenter__steiner_focus_1,inradius,1,1,1,0.006782646290957928
dist_centroid__steiner_focus_1,dist_circumcenter__incenter,dist_circumcenter__steiner_focus_1,1,1,1,0.006809179205447435
dist_incenter__steiner_focus_1,dist_orthocenter__steiner_focus_1,inradius,1,1,1,0.0068158055655658245
dist_circumcenter__orthocenter,dist_orthocenter__steiner_focus_2,dist_steiner_focus_1__steiner_focus_2,1,1,1,0.0068267895840108395
dist_centroid__incenter,dist_centroid__steiner_focus_1,dist_circumcenter__incenter,1,1,1,0.0068346732296049595
area,dist_incenter__orthocenter,dist_orthocenter__steiner_focus_2,2,1,1,0.006835389882326126
area,dist_incenter__steiner_focus_1,semiperimeter,2,1,1,0.006854914594441652
area,dist_circumcenter__steiner_focus_1,dist_steiner_focus_1__steiner_focus_2,2,1,1,0.00691951671615243
circumradius,dist_circumcenter__steiner_focus_2,dist_incenter__orthocenter,1,1,1,0.006921546068042517
dist_incenter__steiner_focus_1,dist_orthocenter__steiner_focus_2,dist_steiner_focus_1__steiner_focus_2,1,1,1,0.006939375307410955
circumradius,dist_incenter__orthocenter,dist_orthocenter__steiner_focus_2,1,1,1,0.00694647803902626
area,dist_incenter__steiner_focus_2,semiperimeter,2,1,1,0.00696842186152935
dist_centroid__steiner_focus_1,dist_circumcenter__steiner_focus_1,dist_orthocenter__steiner_focus_1,1,1,1,0.006973502691835165
dist_centroid__steiner_focus_1,dist_circumcenter__orthocenter,dist_incenter__steiner_focus_1,1,1,1,0.00697777234017849
dist_incenter__orthocenter,dist_incenter__steiner_focus_2,semiperimeter,1,1,1,0.006985517218708992
dist_circumcenter__steiner_focus_1,dist_circumcenter__steiner_focus_2,perimeter,1,1,1,0.006996083538979292
area,circumradius,dist_centroid__incenter,2,1,1,0.0069985659793019295
dist_centroid__steiner_focus_1,dist_incenter__orthocenter,dist_orthocenter__steiner_focus_1,1,1,1,0.007034169975668192
circumradius,dist_centroid__incenter,dist_incenter__steiner_focus_1,1,1,1,0.007057470735162497
circumradius,dist_centroid__incenter,dist_incenter__steiner_focus_2,1,1,1,0.00707459170371294
circumradius,dist_centroid__orthocenter,dist_orthocenter__steiner_focus_1,1,1,1,0.007087707985192537
dist_centroid__orthocenter,dist_centroid__steiner_focus_2,dist_circumcenter__steiner_focus_2,1,1,1,0.00708927633240819
dist_centroid__steiner_focus_2,dist_orthocenter__steiner_focus_1,dist_orthocenter__steiner_focus_2,1,1,1,0.007098580244928598
circumradius,dist_incenter__steiner_focus_2,inradius,1,1,1,0.007102015893906355
dist_circumcenter__incenter,dist_circumcenter__steiner_focus_1,dist_incenter__steiner_focus_2,1,1,1,0.007102460600435734
dist_incenter__steiner_focus_2,dist_orthocenter__steiner_focus_1,dist_steiner_focus_1__steiner_focus_2,1,1,1,0.007117030210793018
dist_centroid__steiner_focus_1,dist_circumcenter__steiner_focus_2,dist_incenter__steiner_focus_2,1,1,1,0.007117144763469696
dist_centroid__orthocenter,dist_circumcenter__incenter,dist_circumcenter__steiner_focus_1,1,1,1,0.007155544590204954
dist_circumcenter__orthocenter,dist_orthocenter__steiner_focus_1,dist_steiner_focus_1__steiner_focus_2,1,1,1,0.007172168232500553
dist_centroid__steiner_focus_2,dist_circumcenter__orthocenter,dist_circumcenter__steiner_focus_1,1,1,1,0.007186282891780138
dist_centroid__steiner_focus_2,dist_circumcenter__steiner_focus_1,dist_incenter__steiner_focus_1,1,1,1,0.007187292445451021
dist_centroid__steiner_focus_2,dist_circumcenter__steiner_focus_2,inradius,1,1,1,0.007196878083050251
dist_centroid__steiner_focus_1,dist_orthocenter__steiner_focus_1,dist_orthocenter__steiner_focus_2,1,1,1,0.007211256772279739
dist_centroid__orthocenter,dist_circumcenter__incenter,dist_incenter__steiner_focus_2,1,1,1,0.007212984841316938
dist_circumcenter__orthocenter,dist_circumcenter__steiner_focus_2,inradius,1,1,1,0.007220822852104902
circumradius,dist_centroid__incenter,dist_circumcenter__steiner_focus_1,1,1,1,0.007259830832481384
area,dist_centroid__incenter,dist_steiner_focus_1__steiner_focus_2,2,1,1,0.0072657763957977295
dist_centroid__steiner_focus_1,dist_incenter__orthocenter,inradius,1,1,1,0.007266609463840723
dist_circumcenter__incenter,dist_circumcenter__steiner_focus_1,dist_steiner_focus_1__steiner_focus_2,1,1,1,0.0072929649613797665
area,dist_orthocenter__steiner_focus_1,dist_steiner_focus_1__steiner_focus_2,2,1,1,0.0072985622100532055
dist_circumcenter__incenter,dist_circumcenter__steiner_focus_1,dist_incenter__steiner_focus_1,1,1,1,0.007300322409719229
dist_centroid__steiner_focus_2,dist_circumcenter__steiner_focus_2,dist_incenter__steiner_focus_2,1,1,1,0.00733137596398592
dist_centroid__incenter,dist_centroid__steiner_focus_1,dist_circumcenter__steiner_focus_2,1,1,1,0.007345331367105246
circumradius,dist_steiner_focus_1__steiner_focus_2,inradius,1,1,1,0.007389090023934841
dist_centroid__incenter,dist_circumcenter__orthocenter,dist_incenter__steiner_focus_2,1,1,1,0.007433861494064331
dist_circumcenter__incenter,dist_circumcenter__steiner_focus_2,dist_incenter__orthocenter,1,1,1,0.007454155944287777
dist_centroid__orthocenter,dist_circumcenter__steiner_focus_2,dist_orthocenter__steiner_focus_1,1,1,1,0.007463155314326286
circumradius,dist_incenter__steiner_focus_1,dist_orthocenter__steiner_focus_1,1,1,1,0.007480134721845388
dist_centroid__incenter,dist_centroid__steiner_focus_2,dist_circumcenter__steiner_focus_1,1,1,1,0.007501577492803335
dist_centroid__incenter,dist_centroid__steiner_focus_2,dist_circumcenter__incenter,1,1,1,0.007528950460255146
circumradius,dist_incenter__steiner_focus_2,dist_orthocenter__steiner_focus_2,1,1,1,0.007539729122072458
dist_centroid__steiner_focus_2,dist_incenter__orthocenter,dist_orthocenter__steiner_focus_2,1,1,1,0.007595413830131292
dist_centroid__steiner_focus_2,dist_incenter__orthocenter,dist_orthocenter__steiner_focus_1,1,1,1,0.007606653030961752
dist_centroid__steiner_focus_1,dist_circumcenter__steiner_focus_1,dist_incenter__steiner_focus_1,1,1,1,0.007609580177813768
dist_centroid__circumcenter,dist_incenter__steiner_focus_1,dist_orthocenter__steiner_focus_1,1,1,1,0.007627145387232304
dist_circumcenter__orthocenter,dist_incenter__steiner_focus_1,dist_orthocenter__steiner_focus_1,1,1,1,0.007636945229023695
dist_incenter__orthocenter,dist_incenter__steiner_focus_1,dist_orthocenter__steiner_focus_1,1,1,1,0.007650955580174923
dist_centroid__circumcenter,dist_centroid__steiner_focus_1,dist_circumcenter__steiner_focus_1,1,1,1,0.00766198942437768
dist_centroid__circumcenter,dist_incenter__steiner_focus_2,dist_orthocenter__steiner_focus_2,1,1,1,0.007663545198738575
dist_centroid__steiner_focus_2,dist_orthocenter__steiner_focus_1,inradius,1,1,1,0.007671577390283346
dist_circumcenter__orthocenter,dist_incenter__steiner_focus_2,inradius,1,1,1,0.007696695625782013
area,dist_centroid__steiner_focus_2,dist_orthocenter__steiner_focus_2,2,1,1,0.0076980325393378735
circumradius,dist_circumcenter__incenter,dist_orthocenter__steiner_focus_2,1,1,1,0.007716251537203789
area,dist_circumcenter__steiner_focus_1,dist_incenter__orthocenter,2,1,1,0.007734924089163542
dist_incenter__steiner_focus_2,dist_orthocenter__steiner_focus_1,semiperimeter,1,1,1,0.007759871426969767
circumradius,dist_centroid__orthocenter,dist_orthocenter__steiner_focus_2,1,1,1,0.007777115795761347
dist_centroid__incenter,dist_centroid__steiner_focus_1,dist_circumcenter__steiner_focus_1,1,1,1,0.007916447706520557
dist_centroid__steiner_focus_2,dist_circumcenter__steiner_focus_2,dist_incenter__orthocenter,1,1,1,0.007950467057526112
dist_centroid__orthocenter,dist_incenter__steiner_focus_1,semiperimeter,1,1,1,0.007952856831252575
dist_centroid__orthocenter,dist_centroid__steiner_focus_1,dist_circumcenter__steiner_focus_1,1,1,1,0.007959864102303982
dist_centroid__orthocenter,dist_centroid__steiner_focus_2,dist_circumcenter__steiner_focus_1,1,1,1,0.00796598196029663
dist_centroid__circumcenter,dist_circumcenter__steiner_focus_2,inradius,1,1,1,0.007971127517521381
dist_centroid__incenter,dist_centroid__steiner_focus_2,dist_circumcenter__steiner_focus_2,1,1,1,0.00798971951007843
dist_incenter__steiner_focus_1,dist_orthocenter__steiner_focus_2,semiperimeter,1,1,1,0.008073226548731327
area,dist_incenter__orthocenter,dist_orthocenter__steiner_focus_1,2,1,1,0.008075791411101818
circumradius,dist_incenter__steiner_focus_2,dist_orthocenter__steiner_focus_1,1,1,1,0.008084319531917572
dist_centroid__steiner_focus_2,dist_incenter__orthocenter,inradius,1,1,1,0.008141985163092613
dist_centroid__steiner_focus_1,dist_circumcenter__orthocenter,dist_incenter__steiner_focus_2,1,1,1,0.008188801817595959
circumradius,dist_incenter__steiner_focus_2,semiperimeter,1,1,1,0.008205669932067394
dist_centroid__steiner_focus_1,dist_incenter__orthocenter,dist_orthocenter__steiner_focus_2,1,1,1,0.008211597800254822
dist_circumcenter__steiner_focus_2,dist_incenter__steiner_focus_2,dist_orthocenter__steiner_focus_1,1,1,1,0.008226078934967518
dist_centroid__steiner_focus_2,dist_circumcenter__steiner_focus_1,dist_incenter__orthocenter,1,1,1,0.008241727948188782
dist_orthocenter__steiner_focus_2,dist_steiner_focus_1__steiner_focus_2,inradius,1,1,1,0.008272225968539715
circumradius,dist_incenter__steiner_focus_1,semiperimeter,1,1,1,0.008323892951011658
dist_circumcenter__orthocenter,dist_incenter__steiner_focus_2,dist_orthocenter__steiner_focus_1,1,1,1,0.008368712849915028
dist_centroid__steiner_focus_2,dist_incenter__steiner_focus_1,dist_orthocenter__steiner_focus_1,1,1,1,0.008370946161448956
area,dist_centroid__orthocenter,dist_circumcenter__steiner_focus_2,2,1,1,0.008389884606003761
area,dist_incenter__steiner_focus_2,dist_orthocenter__steiner_focus_2,2,1,1,0.008395574055612087
circumradius,dist_centroid__incenter,dist_circumcenter__steiner_focus_2,1,1,1,0.008429965004324913
dist_centroid__incenter,dist_centroid__orthocenter,dist_circumcenter__steiner_focus_1,1,1,1,0.00846619438380003
dist_centroid__incenter,dist_centroid__steiner_focus_2,dist_incenter__orthocenter,1,1,1,0.008498532697558403
dist_circumcenter__incenter,dist_incenter__steiner_focus_1,semiperimeter,1,1,1,0.008505333214998245
dist_incenter__steiner_focus_2,dist_orthocenter__steiner_focus_1,dist_orthocenter__steiner_focus_2,1,1,1,0.00857869815081358
dist_circumcenter__incenter,dist_incenter__steiner_focus_2,semiperimeter,1,1,1,0.008614877238869667
dist_centroid__steiner_focus_1,dist_circumcenter__steiner_focus_2,dist_incenter__orthocenter,1,1,1,0.00861825980246067
dist_incenter__steiner_focus_2,dist_orthocenter__steiner_focus_2,dist_steiner_focus_1__steiner_focus_2,1,1,1,0.00862833671271801
dist_centroid__orthocenter,dist_incenter__steiner_focus_1,dist_orthocenter__steiner_focus_2,1,1,1,0.008634977973997593
dist_circumcenter__steiner_focus_1,dist_incenter__steiner_focus_1,dist_steiner_focus_1__steiner_focus_2,1,1,1,0.008647427894175053
dist_centroid__incenter,dist_incenter__orthocenter,dist_steiner_focus_1__steiner_focus_2,1,1,1,0.00868928525596857
dist_centroid__incenter,dist_circumcenter__steiner_focus_1,dist_incenter__steiner_focus_1,1,1,1,0.00868943054229021
area,dist_centroid__incenter,dist_centroid__orthocenter,2,1,1,0.00869930163025856
dist_circumcenter__orthocenter,dist_incenter__steiner_focus_2,dist_steiner_focus_1__steiner_focus_2,1,1,1,0.00872256699949503
dist_circumcenter__orthocenter,dist_incenter__steiner_focus_1,dist_orthocenter__steiner_focus_2,1,1,1,0.008734535425901413
circumradius,dist_incenter__steiner_focus_1,inradius,1,1,1,0.008765310980379581
dist_centroid__circumcenter,dist_orthocenter__steiner_focus_1,inradius,1,1,1,0.008769163861870766
dist_centroid__circumcenter,dist_incenter__steiner_focus_2,semiperimeter,1,1,1,0.008788933046162128
dist_incenter__steiner_focus_1,dist_orthocenter__steiner_focus_1,dist_steiner_focus_1__steiner_focus_2,1,1,1,0.00880981981754303
dist_centroid__orthocenter,dist_circumcenter__steiner_focus_1,inradius,1,1,1,0.00883838627487421
dist_circumcenter__orthocenter,dist_incenter__steiner_focus_1,dist_steiner_focus_1__steiner_focus_2,1,1,1,0.008846009150147438
dist_circumcenter__steiner_focus_2,dist_incenter__orthocenter,dist_orthocenter__steiner_focus_1,1,1,1,0.008854725398123264
dist_circumcenter__steiner_focus_2,dist_incenter__steiner_focus_1,inradius,1,1,1,0.008868198841810226
dist_centroid__steiner_focus_2,dist_circumcenter__steiner_focus_1,inradius,1,1,1,0.008903073146939278
dist_centroid__circumcenter,dist_circumcenter__steiner_focus_1,inradius,1,1,1,0.008911327458918095
dist_incenter__orthocenter,dist_incenter__steiner_focus_1,semiperimeter,1,1,1,0.008912306278944016
area,dist_centroid__incenter,dist_orthocenter__steiner_focus_1,2,1,1,0.008961174637079239
dist_centroid__steiner_focus_2,dist_circumcenter__steiner_focus_1,dist_circumcenter__steiner_focus_2,1,1,1,0.00897001288831234
dist_circumcenter__steiner_focus_1,dist_incenter__steiner_focus_2,inradius,1,1,1,0.008990425616502762
dist_centroid__steiner_focus_2,dist_circumcenter__orthocenter,dist_incenter__steiner_focus_2,1,1,1,0.009031370282173157
dist_circumcenter__steiner_focus_2,dist_incenter__steiner_focus_2,dist_steiner_focus_1__steiner_focus_2,1,1,1,0.00905006192624569
dist_centroid__steiner_focus_1,dist_circumcenter__steiner_focus_1,dist_circumcenter__steiner_focus_2,1,1,1,0.009065997786819935
area,dist_circumcenter__incenter,dist_circumcenter__steiner_focus_1,2,1,1,0.009098510257899761
dist_circumcenter__orthocenter,dist_incenter__steiner_focus_1,inradius,1,1,1,0.009101303294301033
circumradius,dist_circumcenter__incenter,dist_incenter__steiner_focus_2,1,1,1,0.00910214614123106
area,dist_centroid__incenter,dist_circumcenter__incenter,2,1,1,0.009147142060101032
dist_orthocenter__steiner_focus_1,dist_orthocenter__steiner_focus_2,dist_steiner_focus_1__steiner_focus_2,1,1,1,0.00917749386280775
dist_centroid__steiner_focus_1,dist_circumcenter__steiner_focus_1,inradius,1,1,1,0.009181663393974304
circumradius,dist_circumcenter__orthocenter,dist_incenter__steiner_focus_2,1,1,1,0.009305210784077644
circumradius,dist_circumcenter__orthocenter,dist_incenter__steiner_focus_1,1,1,1,0.009347287937998772
dist_centroid__steiner_focus_2,dist_circumcenter__orthocenter,dist_orthocenter__steiner_focus_2,1,1,1,0.00941289309412241
dist_circumcenter__steiner_focus_2,dist_incenter__steiner_focus_1,dist_steiner_focus_1__steiner_focus_2,1,1,1,0.00942713487893343
circumradius,dist_circumcenter__steiner_focus_1,dist_orthocenter__steiner_focus_1,1,1,1,0.009432699531316757
circumradius,dist_circumcenter__steiner_focus_1,dist_incenter__steiner_focus_2,1,1,1,0.009470443241298199
dist_centroid__orthocenter,dist_incenter__steiner_focus_2,dist_orthocenter__steiner_focus_1,1,1,1,0.009481190703809261
dist_centroid__steiner_focus_1,dist_circumcenter__steiner_focus_1,dist_incenter__orthocenter,1,1,1,0.0095125213265419
dist_centroid__circumcenter,dist_centroid__incenter,dist_circumcenter__steiner_focus_1,1,1,1,0.00951683335006237
area,dist_centroid__orthocenter,dist_orthocenter__steiner_focus_1,2,1,1,0.009531158022582531
area,dist_circumcenter__incenter,dist_incenter__orthocenter,2,1,1,0.00953467097133398
dist_centroid__orthocenter,dist_circumcenter__steiner_focus_2,inradius,1,1,1,0.009616853669285774
area,dist_incenter__steiner_focus_1,dist_orthocenter__steiner_focus_1,2,1,1,0.009620663709938526
dist_centroid__incenter,dist_centroid__steiner_focus_1,dist_incenter__orthocenter,1,1,1,0.009720745496451855
dist_circumcenter__steiner_focus_1,dist_incenter__orthocenter,dist_orthocenter__steiner_focus_2,1,1,1,0.009746701456606388
circumradius,dist_circumcenter__steiner_focus_2,dist_orthocenter__steiner_focus_2,1,1,1,0.009787219576537609
dist_circumcenter__steiner_focus_1,dist_circumcenter__steiner_focus_2,dist_steiner_focus_1__steiner_focus_2,1,1,1,0.00978835765272379
dist_centroid__incenter,dist_centroid__orthocenter,dist_incenter__steiner_focus_1,1,1,1,0.009847707115113735
dist_centroid__circumcenter,dist_incenter__steiner_focus_1,semiperimeter,1,1,1,0.009930146858096123
dist_centroid__steiner_focus_1,dist_incenter__steiner_focus_1,dist_orthocenter__steiner_focus_1,1,1,1,0.010022364556789398
circumradius,dist_circumcenter__steiner_focus_2,dist_incenter__steiner_focus_1,1,1,1,0.01004020869731903
dist_circumcenter__steiner_focus_1,dist_circumcenter__steiner_focus_2,dist_incenter__steiner_focus_1,1,1,1,0.010046745650470257
dist_circumcenter__incenter,dist_incenter__steiner_focus_1,dist_orthocenter__steiner_focus_1,1,1,1,0.010049871169030666
dist_circumcenter__steiner_focus_2,dist_incenter__steiner_focus_2,semiperimeter,1,1,1,0.010054726153612137
dist_centroid__steiner_focus_2,dist_circumcenter__incenter,dist_circumcenter__steiner_focus_2,1,1,1,0.010054755955934525
circumradius,dist_incenter__steiner_focus_1,dist_orthocenter__steiner_focus_2,1,1,1,0.010230678133666515
area,dist_orthocenter__steiner_focus_2,dist_steiner_focus_1__steiner_focus_2,2,1,1,0.01026885211467743
dist_centroid__steiner_focus_1,dist_incenter__steiner_focus_2,dist_orthocenter__steiner_focus_2,1,1,1,0.010273076593875885
dist_centroid__steiner_focus_2,dist_orthocenter__steiner_focus_2,inradius,1,1,1,0.01029814314097166
circumradius,dist_circumcenter__orthocenter,dist_orthocenter__steiner_focus_1,1,1,1,0.01035261433571577
dist_centroid__incenter,dist_incenter__steiner_focus_1,dist_orthocenter__steiner_focus_1,1,1,1,0.010366872884333134
dist_circumcenter__steiner_focus_1,dist_incenter__steiner_focus_2,dist_steiner_focus_1__steiner_focus_2,1,1,1,0.010422859340906143
dist_centroid__incenter,dist_centroid__orthocenter,inradius,1,1,1,0.010425399988889694
dist_circumcenter__steiner_focus_1,dist_incenter__orthocenter,inradius,1,1,1,0.010545121505856514
dist_circumcenter__incenter,dist_circumcenter__steiner_focus_2,inradius,1,1,1,0.010638623498380184
dist_centroid__orthocenter,dist_circumcenter__steiner_focus_1,dist_circumcenter__steiner_focus_2,1,1,1,0.010718230158090591
dist_centroid__incenter,dist_circumcenter__steiner_focus_2,dist_incenter__orthocenter,1,1,1,0.010750065557658672
dist_centroid__incenter,dist_centroid__orthocenter,dist_circumcenter__steiner_focus_2,1,1,1,0.010761392302811146
dist_centroid__steiner_focus_2,dist_circumcenter__steiner_focus_2,dist_incenter__steiner_focus_1,1,1,1,0.010773002170026302
area,dist_circumcenter__steiner_focus_2,dist_incenter__orthocenter,2,1,1,0.0107965599745512
dist_circumcenter__incenter,dist_incenter__orthocenter,dist_incenter__steiner_focus_1,1,1,1,0.010844708420336246
dist_centroid__incenter,dist_circumcenter__steiner_focus_2,dist_incenter__steiner_focus_2,1,1,1,0.01090199127793312
dist_centroid__steiner_focus_1,dist_orthocenter__steiner_focus_2,inradius,1,1,1,0.010904154740273952
dist_centroid__orthocenter,dist_centroid__steiner_focus_2,dist_incenter__steiner_focus_1,1,1,1,0.0109407939016819
area,dist_circumcenter__orthocenter,dist_incenter__steiner_focus_2,2,1,1,0.010965545661747456
dist_centroid__circumcenter,dist_centroid__incenter,dist_centroid__steiner_focus_1,1,1,1,0.011109740473330021
circumradius,dist_circumcenter__orthocenter,dist_orthocenter__steiner_focus_2,1,1,1,0.011141294613480568
dist_centroid__steiner_focus_1,dist_circumcenter__incenter,dist_circumcenter__steiner_focus_2,1,1,1,0.011185874231159687
dist_centroid__steiner_focus_2,dist_incenter__steiner_focus_2,dist_orthocenter__steiner_focus_2,1,1,1,0.011190625838935375
dist_circumcenter__steiner_focus_1,dist_incenter__steiner_focus_1,semiperimeter,1,1,1,0.011250440962612629
area,dist_centroid__orthocenter,dist_orthocenter__steiner_focus_2,2,1,1,0.01130620390176773
dist_circumcenter__orthocenter,dist_incenter__steiner_focus_2,dist_orthocenter__steiner_focus_2,1,1,1,0.011373374611139297
dist_centroid__orthocenter,dist_centroid__steiner_focus_1,dist_incenter__steiner_focus_1,1,1,1,0.01137448102235794
dist_circumcenter__incenter,dist_circumcenter__steiner_focus_1,dist_incenter__orthocenter,1,1,1,0.011389625258743763
dist_centroid__incenter,dist_circumcenter__incenter,dist_incenter__steiner_focus_1,1,1,1,0.011419134214520454
dist_centroid__circumcenter,dist_centroid__incenter,dist_circumcenter__steiner_focus_2,1,1,1,0.011495417915284634
dist_circumcenter__steiner_focus_1,dist_circumcenter__steiner_focus_2,dist_incenter__steiner_focus_2,1,1,1,0.011517486535012722
dist_incenter__orthocenter,dist_orthocenter__steiner_focus_1,inradius,1,1,1,0.011562894098460674
area,dist_circumcenter__incenter,dist_orthocenter__steiner_focus_1,2,1,1,0.011566215194761753
dist_centroid__incenter,dist_centroid__orthocenter,dist_incenter__steiner_focus_2,1,1,1,0.01157638244330883
dist_centroid__steiner_focus_1,dist_circumcenter__steiner_focus_2,dist_incenter__steiner_focus_1,1,1,1,0.011821405962109566
dist_centroid__incenter,dist_circumcenter__incenter,inradius,1,1,1,0.011832362040877342
dist_circumcenter__incenter,dist_orthocenter__steiner_focus_1,inradius,1,1,1,0.011901197955012321
circumradius,dist_centroid__orthocenter,dist_incenter__steiner_focus_1,1,1,1,0.011967787519097328
dist_centroid__orthocenter,dist_incenter__steiner_focus_2,inradius,1,1,1,0.012097084894776344
dist_circumcenter__incenter,dist_incenter__steiner_focus_2,dist_orthocenter__steiner_focus_2,1,1,1,0.012146562337875366
area,dist_centroid__incenter,dist_circumcenter__steiner_focus_2,2,1,1,0.012160949409008026
dist_incenter__orthocenter,dist_orthocenter__steiner_focus_2,inradius,1,1,1,0.012181497178971767
dist_centroid__circumcenter,dist_centroid__incenter,dist_centroid__steiner_focus_2,1,1,1,0.012190686538815498
dist_centroid__orthocenter,dist_centroid__steiner_focus_2,dist_incenter__steiner_focus_2,1,1,1,0.01225961185991764
area,dist_circumcenter__steiner_focus_1,dist_incenter__steiner_focus_2,2,1,1,0.012278301641345024
circumradius,dist_centroid__orthocenter,dist_incenter__steiner_focus_2,1,1,1,0.012312427163124084
dist_incenter__orthocenter,dist_incenter__steiner_focus_2,dist_orthocenter__steiner_focus_2,1,1,1,0.012359753251075745
dist_circumcenter__orthocenter,dist_circumcenter__steiner_focus_2,dist_incenter__steiner_focus_2,1,1,1,0.012427928857505322
dist_centroid__orthocenter,dist_incenter__steiner_focus_1,dist_steiner_focus_1__steiner_focus_2,1,1,1,0.012444857507944107
dist_centroid__steiner_focus_2,dist_circumcenter__steiner_focus_1,dist_incenter__steiner_focus_2,1,1,1,0.012477622367441654
area,dist_circumcenter__orthocenter,dist_orthocenter__steiner_focus_1,2,1,1,0.012560712173581123
dist_centroid__circumcenter,dist_circumcenter__steiner_focus_1,dist_incenter__steiner_focus_1,1,1,1,0.012564253993332386
dist_orthocenter__steiner_focus_1,dist_orthocenter__steiner_focus_2,semiperimeter,1,1,1,0.012594425119459629
dist_centroid__orthocenter,dist_incenter__steiner_focus_2,dist_steiner_focus_1__steiner_focus_2,1,1,1,0.012656747363507748
dist_centroid__orthocenter,dist_incenter__steiner_focus_1,dist_orthocenter__steiner_focus_1,1,1,1,0.012700059451162815
area,dist_centroid__incenter,dist_orthocenter__steiner_focus_2,2,1,1,0.012790982611477375
dist_incenter__orthocenter,dist_incenter__steiner_focus_1,dist_steiner_focus_1__steiner_focus_2,1,1,1,0.012829535640776157
dist_circumcenter__incenter,dist_incenter__orthocenter,inradius,1,1,1,0.01289728656411171
dist_centroid__steiner_focus_2,dist_incenter__orthocenter,dist_incenter__steiner_focus_1,1,1,1,0.01292322389781475
area,dist_circumcenter__orthocenter,dist_orthocenter__steiner_focus_2,2,1,1,0.013023696839809418
dist_centroid__steiner_focus_2,dist_circumcenter__incenter,dist_incenter__steiner_focus_1,1,1,1,0.013114983215928078
dist_centroid__steiner_focus_1,dist_circumcenter__incenter,dist_incenter__steiner_focus_1,1,1,1,0.013286084868013859
dist_centroid__orthocenter,dist_centroid__steiner_focus_1,dist_incenter__steiner_focus_2,1,1,1,0.013398743234574795
dist_circumcenter__orthocenter,dist_circumcenter__steiner_focus_1,dist_incenter__steiner_focus_1,1,1,1,0.013430804945528507
dist_centroid__circumcenter,dist_orthocenter__steiner_focus_2,inradius,1,1,1,0.013487900607287884
dist_circumcenter__steiner_focus_1,dist_incenter__steiner_focus_1,dist_orthocenter__steiner_focus_1,1,1,1,0.01351873204112053
area,dist_centroid__incenter,dist_incenter__orthocenter,2,1,1,0.013532379642128944
area,dist_circumcenter__orthocenter,dist_incenter__steiner_focus_1,2,1,1,0.013533118180930614
dist_incenter__steiner_focus_2,dist_orthocenter__steiner_focus_1,inradius,1,1,1,0.013606492429971695
dist_centroid__steiner_focus_1,dist_circumcenter__steiner_focus_1,dist_incenter__steiner_focus_2,1,1,1,0.013653304427862167
circumradius,dist_circumcenter__steiner_focus_1,dist_circumcenter__steiner_focus_2,1,1,1,0.013658241368830204
circumradius,dist_incenter__orthocenter,dist_incenter__steiner_focus_2,1,1,1,0.01365937665104866
dist_incenter__orthocenter,dist_incenter__steiner_focus_2,dist_steiner_focus_1__steiner_focus_2,1,1,1,0.013776175677776337
dist_circumcenter__steiner_focus_2,dist_incenter__orthocenter,inradius,1,1,1,0.013782794587314129
dist_centroid__incenter,dist_centroid__steiner_focus_2,inradius,1,1,1,0.013852142728865147
dist_incenter__orthocenter,dist_incenter__steiner_focus_1,dist_orthocenter__steiner_focus_2,1,1,1,0.01386265642940998
dist_centroid__orthocenter,dist_incenter__steiner_focus_1,inradius,1,1,1,0.013876743614673615
dist_circumcenter__incenter,dist_circumcenter__steiner_focus_1,inradius,1,1,1,0.013934065587818623
dist_circumcenter__orthocenter,dist_orthocenter__steiner_focus_1,inradius,1,1,1,0.014004232361912727
dist_centroid__incenter,dist_incenter__orthocenter,dist_incenter__steiner_focus_1,1,1,1,0.01402814406901598
dist_incenter__orthocenter,dist_incenter__steiner_focus_2,dist_orthocenter__steiner_focus_1,1,1,1,0.014069459401071072
dist_centroid__steiner_focus_1,dist_circumcenter__incenter,dist_incenter__steiner_focus_2,1,1,1,0.014079655520617962
area,dist_centroid__incenter,dist_centroid__steiner_focus_2,2,1,1,0.014115157537162304
area,dist_circumcenter__incenter,dist_orthocenter__steiner_focus_2,2,1,1,0.014289909042418003
dist_centroid__steiner_focus_1,dist_circumcenter__orthocenter,dist_orthocenter__steiner_focus_1,1,1,1,0.014360678382217884
circumradius,dist_incenter__orthocenter,dist_incenter__steiner_focus_1,1,1,1,0.014370346441864967
dist_centroid__circumcenter,dist_circumcenter__steiner_focus_2,dist_incenter__steiner_focus_2,1,1,1,0.01441424060612917
area,dist_circumcenter__steiner_focus_1,dist_orthocenter__steiner_focus_1,2,1,1,0.014415586367249489
dist_centroid__incenter,dist_circumcenter__steiner_focus_1,dist_incenter__orthocenter,1,1,1,0.014426405541598797
dist_circumcenter__steiner_focus_1,dist_circumcenter__steiner_focus_2,dist_incenter__orthocenter,1,1,1,0.014480441808700562
dist_centroid__steiner_focus_1,dist_incenter__orthocenter,dist_incenter__steiner_focus_1,1,1,1,0.014487829059362411
dist_circumcenter__incenter,dist_incenter__steiner_focus_2,dist_steiner_focus_1__steiner_focus_2,1,1,1,0.014537898823618889
dist_centroid__steiner_focus_1,dist_circumcenter__orthocenter,dist_orthocenter__steiner_focus_2,1,1,1,0.01462512370198965
area,dist_centroid__incenter,dist_centroid__steiner_focus_1,2,1,1,0.014663374982774258
dist_centroid__incenter,dist_centroid__steiner_focus_1,inradius,1,1,1,0.014724185690283775
dist_circumcenter__incenter,dist_incenter__steiner_focus_1,inradius,1,1,1,0.014758231118321419
dist_incenter__steiner_focus_1,dist_steiner_focus_1__steiner_focus_2,inradius,1,1,1,0.01481037400662899
area,circumradius,dist_incenter__steiner_focus_1,2,1,1,0.014902341179549694
dist_circumcenter__incenter,dist_incenter__steiner_focus_1,dist_steiner_focus_1__steiner_focus_2,1,1,1,0.01491224393248558
dist_centroid__steiner_focus_2,dist_circumcenter__incenter,dist_incenter__steiner_focus_2,1,1,1,0.014918101951479912
circumradius,dist_incenter__steiner_focus_1,dist_incenter__steiner_focus_2,1,1,1,0.014974156394600868
dist_centroid__incenter,dist_incenter__steiner_focus_2,dist_orthocenter__steiner_focus_2,1,1,1,0.015140067785978317
dist_circumcenter__orthocenter,dist_circumcenter__steiner_focus_1,dist_circumcenter__steiner_focus_2,1,1,1,0.015248595736920834
dist_centroid__incenter,dist_circumcenter__incenter,dist_incenter__steiner_focus_2,1,1,1,0.015325546264648438
area,dist_circumcenter__steiner_focus_2,dist_incenter__steiner_focus_1,2,1,1,0.015406405553221703
dist_incenter__orthocenter,dist_incenter__steiner_focus_2,inradius,1,1,1,0.015478195622563362
dist_circumcenter__incenter,dist_incenter__orthocenter,dist_incenter__steiner_focus_2,1,1,1,0.015495961531996727
dist_centroid__orthocenter,dist_circumcenter__steiner_focus_1,dist_incenter__steiner_focus_1,1,1,1,0.015524884685873985
dist_centroid__circumcenter,dist_incenter__steiner_focus_1,dist_steiner_focus_1__steiner_focus_2,1,1,1,0.015603543259203434
dist_circumcenter__incenter,dist_incenter__steiner_focus_2,inradius,1,1,1,0.015718471258878708
dist_centroid__orthocenter,dist_circumcenter__steiner_focus_2,dist_incenter__steiner_focus_2,1,1,1,0.015948588028550148
dist_incenter__steiner_focus_2,dist_steiner_focus_1__steiner_focus_2,inradius,1,1,1,0.01600319892168045
circumradius,dist_circumcenter__incenter,dist_incenter__steiner_focus_1,1,1,1,0.016218150034546852
circumradius,dist_orthocenter__steiner_focus_1,dist_orthocenter__steiner_focus_2,1,1,1,0.0163820032030344
area,dist_centroid__incenter,dist_incenter__steiner_focus_2,2,1,1,0.01646762154996395
dist_centroid__incenter,dist_orthocenter__steiner_focus_1,inradius,1,1,1,0.01660647615790367
circumradius,dist_centroid__circumcenter,dist_incenter__steiner_focus_2,1,1,1,0.016701828688383102
dist_centroid__steiner_focus_2,dist_circumcenter__orthocenter,dist_orthocenter__steiner_focus_1,1,1,1,0.01678173430263996
dist_centroid__steiner_focus_1,dist_incenter__orthocenter,dist_incenter__steiner_focus_2,1,1,1,0.016795728355646133
dist_centroid__orthocenter,dist_incenter__steiner_focus_2,dist_orthocenter__steiner_focus_2,1,1,1,0.016866151243448257
circumradius,dist_centroid__circumcenter,dist_incenter__steiner_focus_1,1,1,1,0.016941700130701065
area,circumradius,dist_incenter__steiner_focus_2,2,1,1,0.01698146015405655
area,dist_centroid__orthocenter,dist_incenter__steiner_focus_1,2,1,1,0.01702505350112915
dist_centroid__orthocenter,dist_orthocenter__steiner_focus_1,inradius,1,1,1,0.017193838953971863
area,dist_incenter__steiner_focus_1,dist_steiner_focus_1__steiner_focus_2,2,1,1,0.01721874810755253
dist_centroid__incenter,dist_circumcenter__steiner_focus_2,inradius,1,1,1,0.017287347465753555
dist_centroid__circumcenter,dist_incenter__steiner_focus_2,dist_steiner_focus_1__steiner_focus_2,1,1,1,0.017318356782197952
area,dist_centroid__circumcenter,dist_centroid__incenter,2,1,1,0.01742190308868885
area,dist_centroid__orthocenter,dist_incenter__steiner_focus_2,2,1,1,0.01751474291086197
dist_centroid__orthocenter,dist_orthocenter__steiner_focus_2,inradius,1,1,1,0.017595648765563965
dist_circumcenter__steiner_focus_2,dist_incenter__orthocenter,dist_incenter__steiner_focus_2,1,1,1,0.01769387722015381
dist_circumcenter__steiner_focus_2,dist_incenter__steiner_focus_2,dist_orthocenter__steiner_focus_2,1,1,1,0.017884114757180214
dist_centroid__circumcenter,dist_centroid__steiner_focus_1,dist_incenter__steiner_focus_1,1,1,1,0.017938384786248207
area,dist_circumcenter__steiner_focus_2,dist_orthocenter__steiner_focus_2,2,1,1,0.018333638086915016
dist_centroid__incenter,dist_circumcenter__steiner_focus_2,dist_incenter__steiner_focus_1,1,1,1,0.018346959725022316
dist_circumcenter__steiner_focus_1,dist_orthocenter__steiner_focus_1,inradius,1,1,1,0.018413158133625984
dist_circumcenter__steiner_focus_2,dist_orthocenter__steiner_focus_2,inradius,1,1,1,0.018461279571056366
dist_centroid__incenter,dist_incenter__orthocenter,dist_orthocenter__steiner_focus_1,1,1,1,0.018493296578526497
dist_incenter__steiner_focus_1,dist_orthocenter__steiner_focus_2,inradius,1,1,1,0.018512552604079247
area,dist_centroid__incenter,dist_circumcenter__steiner_focus_1,2,1,1,0.018515147268772125
dist_incenter__orthocenter,dist_incenter__steiner_focus_1,inradius,1,1,1,0.018650174140930176
dist_centroid__circumcenter,dist_centroid__steiner_focus_2,dist_incenter__steiner_focus_1,1,1,1,0.018767841160297394
dist_centroid__steiner_focus_2,dist_incenter__orthocenter,dist_incenter__steiner_focus_2,1,1,1,0.019108468666672707
area,dist_incenter__steiner_focus_2,dist_steiner_focus_1__steiner_focus_2,2,1,1,0.019325412809848785
dist_centroid__circumcenter,dist_incenter__steiner_focus_2,inradius,1,1,1,0.01937098056077957
area,dist_incenter__orthocenter,dist_incenter__steiner_focus_2,2,1,1,0.019429730251431465
dist_incenter__steiner_focus_1,dist_incenter__steiner_focus_2,dist_orthocenter__steiner_focus_1,1,1,1,0.01974928192794323
dist_circumcenter__steiner_focus_2,dist_incenter__steiner_focus_1,dist_incenter__steiner_focus_2,1,1,1,0.019775433465838432
area,dist_circumcenter__steiner_focus_1,dist_circumcenter__steiner_focus_2,2,1,1,0.020077573135495186
dist_incenter__steiner_focus_1,dist_incenter__steiner_focus_2,dist_orthocenter__steiner_focus_2,1,1,1,0.02030038833618164
dist_centroid__incenter,dist_incenter__orthocenter,inradius,1,1,1,0.020381925627589226
dist_centroid__steiner_focus_1,dist_incenter__steiner_focus_2,inradius,1,1,1,0.020464174449443817
area,dist_incenter__steiner_focus_2,dist_orthocenter__steiner_focus_1,2,1,1,0.02064126916229725
area,dist_circumcenter__incenter,dist_incenter__steiner_focus_2,2,1,1,0.02070155367255211
dist_circumcenter__steiner_focus_2,dist_incenter__steiner_focus_2,inradius,1,1,1,0.020717564970254898
dist_centroid__circumcenter,dist_centroid__incenter,inradius,1,1,1,0.020819326862692833
dist_circumcenter__steiner_focus_1,dist_incenter__steiner_focus_1,dist_incenter__steiner_focus_2,1,1,1,0.020821476355195045
dist_orthocenter__steiner_focus_1,dist_orthocenter__steiner_focus_2,inradius,1,1,1,0.020834414288401604
area,dist_circumcenter__incenter,dist_incenter__steiner_focus_1,2,1,1,0.020848175510764122
dist_centroid__circumcenter,dist_centroid__steiner_focus_1,dist_incenter__steiner_focus_2,1,1,1,0.020850708708167076
dist_centroid__circumcenter,dist_centroid__steiner_focus_2,dist_incenter__steiner_focus_2,1,1,1,0.02098831906914711
dist_centroid__circumcenter,dist_incenter__steiner_focus_1,inradius,1,1,1,0.02110617235302925
dist_centroid__steiner_focus_2,dist_incenter__steiner_focus_2,inradius,1,1,1,0.021679691970348358
dist_circumcenter__steiner_focus_1,dist_incenter__orthocenter,dist_incenter__steiner_focus_1,1,1,1,0.02182239480316639
dist_centroid__steiner_focus_1,dist_incenter__steiner_focus_1,inradius,1,1,1,0.02193577028810978
dist_centroid__incenter,dist_incenter__orthocenter,dist_incenter__steiner_focus_2,1,1,1,0.022040678188204765
dist_circumcenter__orthocenter,dist_orthocenter__steiner_focus_2,inradius,1,1,1,0.02205701731145382
dist_circumcenter__steiner_focus_1,dist_incenter__steiner_focus_1,inradius,1,1,1,0.0222961213439703
dist_centroid__circumcenter,dist_centroid__incenter,dist_incenter__steiner_focus_1,1,1,1,0.02276754193007946
area,dist_incenter__steiner_focus_1,dist_orthocenter__steiner_focus_2,2,1,1,0.02299988642334938
area,dist_centroid__steiner_focus_1,dist_incenter__steiner_focus_1,2,1,1,0.023224983364343643
dist_centroid__incenter,dist_incenter__steiner_focus_1,inradius,1,1,1,0.02358752116560936
dist_centroid__incenter,dist_circumcenter__steiner_focus_1,inradius,1,1,1,0.023905420675873756
dist_circumcenter__incenter,dist_orthocenter__steiner_focus_2,inradius,1,1,1,0.02404760755598545
area,dist_incenter__orthocenter,dist_incenter__steiner_focus_1,2,1,1,0.024112513288855553
dist_centroid__incenter,dist_incenter__steiner_focus_2,inradius,1,1,1,0.025412334129214287
dist_centroid__circumcenter,dist_centroid__incenter,dist_incenter__steiner_focus_2,1,1,1,0.025638729333877563
area,dist_centroid__circumcenter,dist_incenter__steiner_focus_2,2,1,1,0.025848031044006348
area,dist_centroid__circumcenter,dist_incenter__steiner_focus_1,2,1,1,0.026275411248207092
area,dist_centroid__steiner_focus_2,dist_incenter__steiner_focus_1,2,1,1,0.02697386033833027
area,dist_centroid__steiner_focus_1,dist_incenter__steiner_focus_2,2,1,1,0.027029091492295265
area,dist_centroid__steiner_focus_2,dist_incenter__steiner_focus_2,2,1,1,0.027199067175388336
dist_centroid__incenter,dist_orthocenter__steiner_focus_2,inradius,1,1,1,0.027598103508353233
dist_circumcenter__orthocenter,dist_incenter__steiner_focus_1,dist_incenter__steiner_focus_2,1,1,1,0.028241915628314018
area,dist_circumcenter__steiner_focus_2,dist_incenter__steiner_focus_2,2,1,1,0.02829456701874733
area,dist_incenter__steiner_focus_1,dist_incenter__steiner_focus_2,2,1,1,0.029001383110880852
dist_incenter__steiner_focus_1,dist_incenter__steiner_focus_2,inradius,1,1,1,0.02929014153778553
area,dist_circumcenter__steiner_focus_1,dist_incenter__steiner_focus_1,2,1,1,0.029686056077480316
dist_centroid__incenter,dist_circumcenter__steiner_focus_1,dist_incenter__steiner_focus_2,1,1,1,0.03002435527741909
dist_circumcenter__steiner_focus_1,dist_circumcenter__steiner_focus_2,inradius,1,1,1,0.0311786737293005
dist_centroid__steiner_focus_2,dist_incenter__steiner_focus_1,inradius,1,1,1,0.03513038530945778
area,dist_orthocenter__steiner_focus_1,dist_orthocenter__steiner_focus_2,2,1,1,0.035803720355033875
area,dist_centroid__incenter,dist_incenter__steiner_focus_1,2,1,1,0.036768216639757156
dist_centroid__orthocenter,dist_incenter__steiner_focus_1,dist_incenter__steiner_focus_2,1,1,1,0.03922475874423981
dist_incenter__orthocenter,dist_incenter__steiner_focus_1,dist_incenter__steiner_focus_2,1,1,1,0.04022601619362831
dist_circumcenter__incenter,dist_incenter__steiner_focus_1,dist_incenter__steiner_focus_2,1,1,1,0.04191073402762413
dist_centroid__circumcenter,dist_incenter__steiner_focus_1,dist_incenter__steiner_focus_2,1,1,1,0.04250470921397209
