name_1,name_2,name_3,real_error,null_mean,null_std,z_score,ratio
dist_circumcenter__incenter,dist_incenter__orthocenter,dist_orthocenter__steiner_focus_2,0.0010104975485258814,0.2648881731573998,0.06547039670485037,4.030488417512896,0.003814808099889878
dist_centroid__orthocenter,dist_circumcenter__orthocenter,dist_circumcenter__steiner_focus_1,0.0011448901859394214,0.2452520597190008,0.0736037741632446,3.3165034308113075,0.004668218433114026
dist_centroid__circumcenter,dist_circumcenter__orthocenter,dist_circumcenter__steiner_focus_2,0.0008673015952831441,0.13668864893553892,0.02738171670620262,4.960293351858723,0.006345088652475857
circumradius,dist_circumcenter__incenter,dist_incenter__orthocenter,0.001966163981045751,0.2771588599177306,0.1501174532766562,1.8331825509291282,0.007093996495834086
dist_centroid__orthocenter,dist_circumcenter__steiner_focus_1,dist_orthocenter__steiner_focus_2,0.0012385766789440764,0.17086898782135407,0.09109030273138641,1.86222249850929,0.007248692081204495
dist_centroid__circumcenter,dist_circumcenter__steiner_focus_2,dist_orthocenter__steiner_focus_1,0.0010900285420835283,0.1480176671965713,0.006947749160256873,21.147516305706052,0.0073641786330542695
dist_circumcenter__steiner_focus_1,dist_incenter__orthocenter,dist_orthocenter__steiner_focus_1,0.0017783278343502752,0.22738759740364436,0.18183476289956865,1.2407378323687372,0.007820689671097135
dist_circumcenter__incenter,dist_circumcenter__steiner_focus_2,dist_incenter__orthocenter,0.0015570610440895439,0.1549683342663663,0.06664254616070933,2.302001980121281,0.010047607799753463
dist_circumcenter__incenter,dist_circumcenter__orthocenter,dist_circumcenter__steiner_focus_1,0.001097811041773647,0.10853230315543289,0.04732686157397005,2.2700531693981714,0.010115062611372336
dist_circumcenter__orthocenter,dist_incenter__orthocenter,dist_orthocenter__steiner_focus_1,0.0017535964093275118,0.15762052908140226,0.04048055585085268,3.8504148324038283,0.011125431563688488
dist_centroid__circumcenter,dist_centroid__orthocenter,dist_orthocenter__steiner_focus_2,0.0013498213154766394,0.12070311031536723,0.06376329585472351,1.8718180639818516,0.011182987016240854
dist_centroid__circumcenter,dist_centroid__orthocenter,dist_circumcenter__incenter,0.0026065566775363585,0.2328189927524995,0.1275920370948365,1.8042852933200766,0.011195635917501301
dist_centroid__circumcenter,dist_centroid__orthocenter,dist_incenter__orthocenter,0.001343201519872294,0.11518680470997016,0.055526235581145805,2.05026690533932,0.011661071103190618
dist_circumcenter__orthocenter,dist_orthocenter__steiner_focus_1,dist_orthocenter__steiner_focus_2,0.0017057366621886232,0.12379681489538746,0.05216756467028265,2.340363768269755,0.013778518160019132
dist_circumcenter__incenter,dist_circumcenter__steiner_focus_2,dist_orthocenter__steiner_focus_2,0.00277316360635912,0.20078695457547338,0.057471274523494466,3.4454393540231214,0.01381147302235077
dist_centroid__orthocenter,dist_circumcenter__incenter,dist_circumcenter__orthocenter,0.0011235304094071637,0.07765074667428502,0.009799401277027104,7.809376726339584,0.014469022611204772
dist_circumcenter__steiner_focus_1,dist_incenter__orthocenter,dist_orthocenter__steiner_focus_2,0.0026623609990723655,0.18045059917404746,0.04636047659604355,3.83490963054827,0.014753960426058083
dist_circumcenter__orthocenter,dist_incenter__orthocenter,dist_orthocenter__steiner_focus_2,0.001368362065853536,0.08961788208795825,0.05634112739897247,1.5663428137881772,0.015268850746891282
dist_centroid__orthocenter,dist_circumcenter__incenter,dist_incenter__orthocenter,0.0028807530252694565,0.1854482389473414,0.07288377220449484,2.504912690438555,0.015534000439267883
circumradius,dist_circumcenter__orthocenter,dist_circumcenter__steiner_focus_2,0.0027065691120317184,0.17207583534199744,0.08089316841945156,2.093740046770615,0.0157289319947363
dist_centroid__steiner_focus_1,dist_centroid__steiner_focus_2,dist_incenter__steiner_focus_2,0.0050114971212162785,0.30521422981931484,0.03976462836847635,7.549491722047278,0.016419605089130533
dist_circumcenter__steiner_focus_1,dist_circumcenter__steiner_focus_2,dist_orthocenter__steiner_focus_2,0.002518400446377698,0.13986178342903102,0.06823773781659778,2.012718876346552,0.01800635158964343
dist_centroid__circumcenter,dist_circumcenter__incenter,dist_incenter__orthocenter,0.0020274546860077503,0.10932903105237657,0.017592335354894854,6.099336682807917,0.018544522589214678
dist_circumcenter__incenter,dist_circumcenter__orthocenter,dist_incenter__orthocenter,0.002479802943989101,0.1310127718873926,0.04698637177298955,2.7355372226738215,0.018927948079142453
dist_circumcenter__incenter,dist_circumcenter__steiner_focus_1,dist_orthocenter__steiner_focus_1,0.0021392513863254725,0.11225985420922556,0.022531258950392746,4.887458932736671,0.019056245898363796
area,dist_centroid__steiner_focus_1,dist_steiner_focus_1__steiner_focus_2,0.005855107562177147,0.29730674802359097,0.06315642496748532,4.614758365620935,0.01969382666589374
dist_centroid__steiner_focus_1,dist_centroid__steiner_focus_2,dist_steiner_focus_1__steiner_focus_2,0.007063585516355254,0.3552346409776748,0.010205360222780485,34.116488576672616,0.019884281265236108
dist_centroid__circumcenter,dist_circumcenter__orthocenter,dist_orthocenter__steiner_focus_2,0.003777431493389123,0.18878854842944395,0.1691256114697315,1.09392726109473,0.020008795686041646
dist_centroid__steiner_focus_1,dist_circumcenter__orthocenter,dist_incenter__orthocenter,0.006511312600870472,0.3246403712368859,0.23959039588152461,1.3278038857339152,0.02005700207913837
circumradius,dist_circumcenter__orthocenter,dist_orthocenter__steiner_focus_1,0.002209092830614427,0.10866275489616661,0.016546976077762874,6.433420920249772,0.02032980695846833
dist_circumcenter__orthocenter,dist_incenter__steiner_focus_1,dist_orthocenter__steiner_focus_1,0.0025983250853874418,0.12718281110115254,0.021406603520975717,5.819909071221333,0.020429844747816676
dist_centroid__circumcenter,dist_centroid__steiner_focus_1,dist_steiner_focus_1__steiner_focus_2,0.006153045820643663,0.29924504726678597,0.21629731211037068,1.355042273001457,0.02056189693645301
dist_centroid__orthocenter,dist_circumcenter__orthocenter,semiperimeter,0.005690131867336103,0.2631752149952673,0.2182668014344625,1.179680471036932,0.02162107806177124
dist_centroid__orthocenter,dist_circumcenter__steiner_focus_2,semiperimeter,0.00538928011713921,0.24886520205683937,0.16946620315532082,1.436722587786706,0.02165541856634633
dist_centroid__orthocenter,dist_centroid__steiner_focus_1,dist_circumcenter__steiner_focus_1,0.005672988933681473,0.25823714636695044,0.26356959076123637,0.9582446772551351,0.021968136704934988
circumradius,dist_centroid__orthocenter,dist_incenter__steiner_focus_1,0.006221295117270502,0.2730282820129469,0.14422835920297583,1.849892686640031,0.022786266211701437
dist_centroid__circumcenter,dist_centroid__incenter,dist_orthocenter__steiner_focus_2,0.0039847093992152645,0.17385493652774542,0.05400475890275462,3.1454677435818637,0.022919736872581392
dist_circumcenter__orthocenter,dist_circumcenter__steiner_focus_1,dist_steiner_focus_1__steiner_focus_2,0.005393174709375213,0.23355054100751851,0.14765989547520667,1.5451545970818652,0.02309210968259583
dist_centroid__steiner_focus_2,dist_circumcenter__incenter,dist_circumcenter__steiner_focus_2,0.0028893686312922986,0.12475642539807053,0.05939704357354472,2.0517360702622156,0.023160078705950046
dist_centroid__orthocenter,dist_circumcenter__incenter,dist_orthocenter__steiner_focus_2,0.0027010113057338255,0.1162842664101734,0.050863285370600586,2.2331088972497177,0.0232276591590341
dist_centroid__steiner_focus_1,dist_circumcenter__incenter,dist_circumcenter__steiner_focus_1,0.00368018935633858,0.15729142606610627,0.025465170984438106,6.0322091221629845,0.02339726613446733
dist_centroid__orthocenter,dist_incenter__orthocenter,dist_incenter__steiner_focus_1,0.006070959651514639,0.25607340725860267,0.13948241710157236,1.7923581538240334,0.023707887970513535
dist_centroid__circumcenter,dist_circumcenter__orthocenter,perimeter,0.004646392448715246,0.19131768607416014,0.11685553975389569,1.5974535226877997,0.024286267224213513
circumradius,dist_circumcenter__steiner_focus_1,dist_orthocenter__steiner_focus_2,0.003249540456551227,0.13364920310062642,0.03405605510032976,3.82897144898067,0.024313953103817617
circumradius,dist_centroid__orthocenter,dist_circumcenter__incenter,0.002621194740432918,0.10548184011199302,0.05304764489899228,1.9390237882834662,0.024849725200564592
dist_orthocenter__steiner_focus_1,dist_orthocenter__steiner_focus_2,perimeter,0.002837122372264824,0.11306820757325209,0.007130415636224792,15.459279069368424,0.02509213184817468
circumradius,dist_orthocenter__steiner_focus_2,perimeter,0.0055329747051457686,0.21915628707372847,0.1583008534623303,1.349476693879083,0.02524670763054298
area,dist_centroid__circumcenter,dist_orthocenter__steiner_focus_1,0.006244345628514762,0.2438101169078263,0.08713214816864438,2.7264996476329575,0.025611511563629945
dist_circumcenter__steiner_focus_2,dist_orthocenter__steiner_focus_1,inradius,0.0043620114647545585,0.1671996879525103,0.04288487374283175,3.7970888631792747,0.02608863400506764
area,circumradius,dist_incenter__orthocenter,0.005379903145096233,0.20481569724090365,0.15123779035585752,1.318690213778855,0.026267045043761494
circumradius,dist_centroid__orthocenter,dist_circumcenter__steiner_focus_1,0.0031549247782856984,0.11920286233387833,0.019129610543264317,6.066403562850055,0.026466854205639705
area,dist_orthocenter__steiner_focus_1,dist_orthocenter__steiner_focus_2,0.0042199768422121415,0.15888345220938296,0.0646566074402127,2.3920753267202666,0.026560203618000995
circumradius,dist_centroid__orthocenter,dist_orthocenter__steiner_focus_2,0.0023842007026636442,0.08966979625996725,0.015792791128423998,5.526926484844485,0.026588670902646647
area,circumradius,dist_circumcenter__incenter,0.007870970515183205,0.2955814117888127,0.13389620228926735,2.148757293743583,0.0266287736686462
dist_centroid__circumcenter,dist_centroid__orthocenter,dist_steiner_focus_1__steiner_focus_2,0.0056398994730123015,0.21077620107834494,0.12585812153646095,1.6299011863601103,0.026757762233867978
dist_centroid__circumcenter,dist_circumcenter__incenter,dist_circumcenter__steiner_focus_1,0.0026385105026354902,0.09723044697636364,0.01959684487259848,4.826896221748045,0.027136669476351398
dist_circumcenter__orthocenter,dist_incenter__steiner_focus_2,dist_orthocenter__steiner_focus_1,0.004727677530504672,0.17051648584441717,0.040021078011260834,4.14253729665313,0.02772563313800816
dist_centroid__steiner_focus_1,dist_orthocenter__steiner_focus_1,dist_steiner_focus_1__steiner_focus_2,0.00868124387963441,0.31250104291354236,0.18593774600717838,1.6339866732717012,0.02777988770436262
dist_centroid__circumcenter,dist_centroid__orthocenter,dist_circumcenter__steiner_focus_2,0.0032038271364315477,0.11471916411788198,0.032892283563006386,3.3903190931647744,0.02792756695070922
dist_centroid__steiner_focus_2,dist_steiner_focus_1__steiner_focus_2,inradius,0.010589924325982712,0.3778477702523006,0.01098719333022931,33.42599287079742,0.028026959955093803
dist_circumcenter__steiner_focus_2,dist_incenter__orthocenter,dist_orthocenter__steiner_focus_2,0.002935054946586228,0.10452216343222272,0.02768921882415951,3.66883259259735,0.028080694564741392
dist_centroid__circumcenter,dist_centroid__incenter,dist_orthocenter__steiner_focus_1,0.0033425230873185014,0.11892472608432224,0.04107891233303809,2.8136626904808697,0.028106207997052886
dist_circumcenter__steiner_focus_2,dist_orthocenter__steiner_focus_1,semiperimeter,0.005810928973880755,0.2054868319602002,0.06548494183039569,3.049188063776172,0.02827883868980104
dist_incenter__orthocenter,dist_orthocenter__steiner_focus_2,perimeter,0.008670649179435937,0.3004039230310645,0.12153784594854669,2.400349221057731,0.028863302089897517
dist_circumcenter__orthocenter,dist_circumcenter__steiner_focus_2,semiperimeter,0.0034893533764437036,0.11847775019709532,0.007736138061472886,14.863798436239248,0.029451549937764186
dist_centroid__circumcenter,dist_circumcenter__orthocenter,dist_incenter__steiner_focus_1,0.004392338110670027,0.14862053028633315,0.04103597758564396,3.514676648671335,0.02955404682117419
dist_centroid__steiner_focus_2,dist_circumcenter__orthocenter,dist_orthocenter__steiner_focus_1,0.0038407097828918675,0.1285272229441592,0.027425224118360167,4.5464172917294166,0.029882461434341645
dist_circumcenter__steiner_focus_1,dist_orthocenter__steiner_focus_1,perimeter,0.004741637278048465,0.1585223267852231,0.0874483005519228,1.7585326248377655,0.02991147918534378
dist_centroid__steiner_focus_2,dist_circumcenter__orthocenter,dist_orthocenter__steiner_focus_2,0.002896098548767439,0.09630390862956208,0.01517547158056648,6.155183355251479,0.030072492279699995
dist_centroid__steiner_focus_1,dist_circumcenter__incenter,dist_incenter__orthocenter,0.00422580318490924,0.13814161114087742,0.03982789585567419,3.3623621102466426,0.030590371358849632
circumradius,dist_circumcenter__steiner_focus_1,dist_incenter__orthocenter,0.0025172099837749845,0.08181525181307124,0.03767812852326956,2.1046173187801176,0.030767001604129044
circumradius,dist_centroid__orthocenter,dist_centroid__steiner_focus_1,0.00859821694126902,0.2775135252592234,0.16152567154591727,1.6648456294546916,0.03098305545013522
dist_centroid__steiner_focus_1,dist_centroid__steiner_focus_2,dist_incenter__steiner_focus_1,0.01149770718933017,0.3659636044975132,0.018456279778229504,19.205706760378696,0.031417624725598364
dist_centroid__steiner_focus_2,dist_circumcenter__steiner_focus_1,dist_orthocenter__steiner_focus_1,0.008331810304150823,0.26472599516109424,0.09445777840159308,2.7143787329707005,0.031473336417455526
dist_centroid__circumcenter,dist_centroid__steiner_focus_2,dist_steiner_focus_1__steiner_focus_2,0.006807940115930308,0.21609875061025385,0.068396624247236,3.0599581894245502,0.031503838391961865
circumradius,dist_circumcenter__orthocenter,dist_incenter__orthocenter,0.003428116764454206,0.10649795684049268,0.0304805624439647,3.381494034617029,0.03218950734978576
dist_circumcenter__orthocenter,dist_orthocenter__steiner_focus_2,inradius,0.004438496322475595,0.13786418060871805,0.03188860863807007,4.184117463405187,0.03219470280734342
dist_incenter__orthocenter,dist_incenter__steiner_focus_1,dist_orthocenter__steiner_focus_1,0.006627816269992964,0.20408645879816137,0.08840582071542048,2.2335479828165434,0.0324755317379865
dist_centroid__circumcenter,dist_circumcenter__steiner_focus_2,perimeter,0.003976772471894892,0.12223964787708601,0.03630638219970731,3.2573577492429004,0.03253259102884199
dist_centroid__steiner_focus_2,dist_incenter__orthocenter,dist_orthocenter__steiner_focus_2,0.004625120471643794,0.14177866399003128,0.04833931156359163,2.8373085814008423,0.03262211916434052
dist_circumcenter__steiner_focus_1,dist_orthocenter__steiner_focus_2,perimeter,0.004834613039260546,0.14736219653299892,0.02548533394431617,5.592533486324019,0.032807688491382714
area,dist_circumcenter__steiner_focus_1,dist_circumcenter__steiner_focus_2,0.006783735381124105,0.20422074741797921,0.061179440760978844,3.227179091228035,0.033217660139299235
dist_circumcenter__steiner_focus_1,dist_orthocenter__steiner_focus_1,inradius,0.004404246219337221,0.13217023153891555,0.03786405338569228,3.374334596936137,0.03332252783441978
dist_centroid__circumcenter,dist_centroid__orthocenter,dist_orthocenter__steiner_focus_1,0.0029131600218302053,0.08740737641221603,0.03084942489111898,2.7389235516902706,0.03332853749198063
dist_centroid__circumcenter,dist_orthocenter__steiner_focus_1,dist_orthocenter__steiner_focus_2,0.003864589651246226,0.11512852291984625,0.047098119211671986,2.3623859111772405,0.03356761255363969
dist_centroid__steiner_focus_1,dist_incenter__steiner_focus_1,dist_incenter__steiner_focus_2,0.012099505204418277,0.3599408533289363,0.03229698339834063,10.770087838679991,0.03361525954199202
circumradius,dist_circumcenter__steiner_focus_2,dist_steiner_focus_1__steiner_focus_2,0.004309588690040567,0.12777879232443853,0.07003422745954493,1.7629837311437409,0.03372694804548039
dist_centroid__circumcenter,dist_circumcenter__steiner_focus_2,inradius,0.004627009080399351,0.13628930704776634,0.04247319840885293,3.099891293798206,0.03394990539336801
dist_centroid__steiner_focus_1,dist_incenter__orthocenter,dist_orthocenter__steiner_focus_1,0.0052582770986377425,0.15300456440464125,0.04558594779269692,3.24104892976851,0.034366798919354576
circumradius,dist_orthocenter__steiner_focus_1,dist_steiner_focus_1__steiner_focus_2,0.00762832109163587,0.22109739178211507,0.09677396168704577,2.2058523488044237,0.034502085393903495
dist_centroid__orthocenter,dist_circumcenter__incenter,dist_circumcenter__steiner_focus_1,0.0046064980029976955,0.13176409810748801,0.01436688930491841,8.850739878740399,0.034960190743611314
dist_centroid__orthocenter,dist_orthocenter__steiner_focus_2,perimeter,0.00478465284928614,0.13680137826422697,0.09159790604885171,1.4412635736949342,0.03497518014800081
dist_circumcenter__orthocenter,dist_orthocenter__steiner_focus_1,semiperimeter,0.010278899560596489,0.2910647857108844,0.2536157557210769,1.1071310824201803,0.03531481671852449
area,dist_centroid__orthocenter,dist_circumcenter__orthocenter,0.003736907410453947,0.10500815653567246,0.032449235857421946,3.1209132187331696,0.035586829954342425
dist_circumcenter__orthocenter,dist_incenter__orthocenter,perimeter,0.0090578439309412,0.2526043087600597,0.17863399891890258,1.3633824820754603,0.0358578362158697
dist_centroid__circumcenter,dist_centroid__steiner_focus_2,dist_incenter__orthocenter,0.004784441927064286,0.13173150675746378,0.058084852816658115,2.185545089200819,0.036319647780793364
area,perimeter,semiperimeter,0.01223768059934733,0.336431068495441,0.019088057473618372,16.984095335220033,0.036375001435139935
dist_centroid__circumcenter,dist_centroid__orthocenter,semiperimeter,0.005637538993887695,0.1548732920119559,0.06682092672572156,2.2333685019160696,0.03640097605371809
circumradius,dist_circumcenter__incenter,dist_circumcenter__steiner_focus_1,0.0034316635912816184,0.0939523328912288,0.012283104276151131,7.36952705642189,0.03652558149093062
dist_centroid__circumcenter,dist_circumcenter__orthocenter,dist_circumcenter__steiner_focus_1,0.010768958193805545,0.29268856639709345,0.1143662880295612,2.465058655487864,0.03679323154425921
dist_centroid__circumcenter,dist_centroid__steiner_focus_1,dist_orthocenter__steiner_focus_1,0.006619788714223431,0.17982620837010535,0.03589670629273928,4.825134045540994,0.03681214642861767
circumradius,dist_circumcenter__steiner_focus_2,dist_incenter__steiner_focus_1,0.003521241875832285,0.09533839584143274,0.02977928882662095,3.0832554296434793,0.03693414227032759
dist_centroid__circumcenter,dist_centroid__steiner_focus_2,dist_orthocenter__steiner_focus_1,0.008848465152325864,0.23951553709209084,0.2018524434651503,1.142750952031896,0.03694317813263085
dist_centroid__orthocenter,dist_orthocenter__steiner_focus_2,inradius,0.006456354338104604,0.1736744806057244,0.013182051335572788,12.685288655823143,0.037175031792735354
dist_centroid__orthocenter,dist_circumcenter__orthocenter,perimeter,0.007906433898803373,0.21250701044301748,0.12987906281899486,1.5753160833117068,0.03720552033704995
dist_centroid__circumcenter,dist_incenter__steiner_focus_1,dist_orthocenter__steiner_focus_2,0.007476989660339445,0.20013129816438033,0.13966930112632103,1.3793604389113299,0.03736042152786181
dist_centroid__orthocenter,dist_circumcenter__steiner_focus_2,inradius,0.005761716181623528,0.15417580251239865,0.10670286012374974,1.390910104552496,0.037371079558091984
area,dist_circumcenter__orthocenter,dist_circumcenter__steiner_focus_1,0.01091300143550551,0.2912080928808402,0.15540842386688888,1.8036029480963935,0.037474924984214
dist_centroid__circumcenter,dist_orthocenter__steiner_focus_1,inradius,0.004728779856744805,0.12611334733066712,0.019540389673672807,6.211982949217558,0.03749626789578443
dist_centroid__steiner_focus_2,dist_circumcenter__incenter,dist_incenter__orthocenter,0.006859782386559254,0.18284314274394578,0.06828282259059092,2.5772713206737925,0.03751730736856629
dist_circumcenter__orthocenter,perimeter,semiperimeter,0.006470942159372035,0.17116756944521638,0.07916798356387564,2.080343844465371,0.03780472072101903
dist_circumcenter__steiner_focus_1,dist_incenter__orthocenter,semiperimeter,0.008575416207091138,0.2265783257287168,0.19284917927023304,1.1304321353431612,0.03784746921185445
dist_centroid__circumcenter,dist_circumcenter__orthocenter,dist_orthocenter__steiner_focus_1,0.00523401211135364,0.13779804169664714,0.06913833412142033,1.9173737879261794,0.037983211132099806
dist_centroid__steiner_focus_2,dist_incenter__steiner_focus_1,dist_incenter__steiner_focus_2,0.013602039762927476,0.3565172872775339,0.07440619928836945,4.608691893878365,0.03815253915678667
area,dist_circumcenter__incenter,dist_circumcenter__steiner_focus_2,0.00561653558199403,0.14505849933195258,0.05535278517916736,2.519149909053521,0.03871910717303867
dist_centroid__orthocenter,dist_incenter__steiner_focus_1,dist_orthocenter__steiner_focus_2,0.005046393757382382,0.13029425747701054,0.019168013552732174,6.534211976377466,0.03873074573737666
dist_circumcenter__incenter,dist_orthocenter__steiner_focus_2,dist_steiner_focus_1__steiner_focus_2,0.014048951465273025,0.3622883876501109,0.2534775620079982,1.3738471895743165,0.03877836536908589
dist_circumcenter__incenter,dist_circumcenter__steiner_focus_1,semiperimeter,0.006071951771506002,0.1555244096361675,0.11884504077063784,1.2575405494041079,0.03904179276880507
circumradius,dist_centroid__incenter,dist_circumcenter__incenter,0.004173382726788917,0.10563757412968011,0.03698434425604634,2.743436268612589,0.03950661269129197
dist_centroid__incenter,dist_centroid__steiner_focus_1,dist_steiner_focus_1__steiner_focus_2,0.011834874899855628,0.2988755472168454,0.03952891288387611,7.261537223657724,0.039598003282847974
dist_circumcenter__orthocenter,dist_circumcenter__steiner_focus_1,dist_circumcenter__steiner_focus_2,0.003832107894464501,0.0952759044116409,0.02335934937078055,3.9146551158466965,0.04022116523720231
circumradius,dist_centroid__incenter,dist_incenter__orthocenter,0.008571619892020644,0.21268005010445737,0.15158986381912473,1.346451702443486,0.040302886367624566
area,dist_centroid__orthocenter,dist_orthocenter__steiner_focus_1,0.005652095169578721,0.1400764631032548,0.06914489329453108,1.9440968309992057,0.04035007055690992
circumradius,dist_centroid__orthocenter,dist_orthocenter__steiner_focus_1,0.014763324303210664,0.36536176182835756,0.10733218590153845,3.266479989951659,0.04040741491209004
dist_centroid__incenter,dist_circumcenter__steiner_focus_1,dist_circumcenter__steiner_focus_2,0.009151501313140034,0.22507819709339205,0.18754550540021558,1.1513296216801996,0.04065920836100703
dist_centroid__orthocenter,dist_centroid__steiner_focus_2,dist_steiner_focus_1__steiner_focus_2,0.0054850128372350825,0.13489309019539292,0.0550745195088505,2.3496905376970547,0.04066192589472174
area,dist_centroid__circumcenter,dist_centroid__orthocenter,0.005552241680527684,0.13647440443203954,0.06852066854339176,1.9106959335722682,0.040683391905128596
dist_centroid__circumcenter,dist_circumcenter__incenter,dist_circumcenter__orthocenter,0.009338068104482008,0.22807290802485358,0.07312558537246809,2.9912217291148773,0.04094334651735321
dist_centroid__steiner_focus_1,dist_circumcenter__incenter,dist_circumcenter__steiner_focus_2,0.006269429511667386,0.15284707505002124,0.020216037218984295,7.250562706755754,0.041017661015859366
dist_circumcenter__steiner_focus_1,dist_circumcenter__steiner_focus_2,dist_incenter__steiner_focus_1,0.01127331141535793,0.2742321947892939,0.173760779640292,1.513338533116023,0.04110863578224202
dist_centroid__steiner_focus_2,dist_circumcenter__steiner_focus_1,dist_incenter__orthocenter,0.0063410273566999265,0.15382254556890904,0.09261903290179029,1.5923456938769047,0.0412230036451925
dist_centroid__steiner_focus_1,dist_centroid__steiner_focus_2,semiperimeter,0.014653900024461331,0.3553875967586579,0.005263010968254702,64.7412096971535,0.04123357190322185
circumradius,dist_circumcenter__incenter,perimeter,0.0038456413708099894,0.09259469176209266,0.005937981730646431,14.945995864763484,0.041531985231839784
dist_centroid__incenter,dist_circumcenter__steiner_focus_2,dist_incenter__orthocenter,0.007209057966989168,0.172311801746722,0.16741272699308607,0.9862018661612947,0.04183728504902776
dist_circumcenter__incenter,dist_orthocenter__steiner_focus_2,perimeter,0.005135920159836168,0.12213691503133149,0.09754045840354103,1.1995124565382174,0.04205051485473219
dist_centroid__orthocenter,dist_centroid__steiner_focus_1,dist_circumcenter__incenter,0.005863525148830567,0.13920764048417064,0.0632251404134596,2.1090362862516203,0.042120713550182695
circumradius,dist_circumcenter__orthocenter,semiperimeter,0.008489928903653576,0.2011682127961084,0.09192139986757157,2.096119991319113,0.042203133316387524
dist_centroid__steiner_focus_1,dist_steiner_focus_1__steiner_focus_2,inradius,0.014726802123576944,0.34857686068640326,0.01845244772350859,18.092453834051415,0.04224836408985246
dist_centroid__steiner_focus_2,dist_incenter__orthocenter,dist_orthocenter__steiner_focus_1,0.005842994248674087,0.13734745453411898,0.05377800782576299,2.4453204126026797,0.042541700306667186
circumradius,dist_circumcenter__steiner_focus_1,dist_incenter__steiner_focus_2,0.006421177878331233,0.15007391921471233,0.12043521563034858,1.1927802062255113,0.04278676742721956
dist_centroid__steiner_focus_2,dist_incenter__steiner_focus_1,dist_steiner_focus_1__steiner_focus_2,0.014191534195448689,0.33081235557727623,0.017102094857933788,18.513569478591965,0.042899045202480696
dist_circumcenter__steiner_focus_2,dist_incenter__orthocenter,dist_incenter__steiner_focus_2,0.004346973890387547,0.10124029302640851,0.014364001770172819,6.7455658030634735,0.042937191906918325
area,dist_circumcenter__steiner_focus_1,inradius,0.010350386928066857,0.23723833114751924,0.10981822207831252,2.066031847225283,0.043628644991735306
dist_centroid__orthocenter,dist_circumcenter__steiner_focus_2,dist_incenter__steiner_focus_2,0.010424325571605659,0.23796706574754803,0.14211693098932202,1.601095229062038,0.04380574908069214
dist_centroid__circumcenter,dist_centroid__incenter,dist_circumcenter__orthocenter,0.008119678419077436,0.18457104344361275,0.06913457533962854,2.55228826036329,0.04399215753232729
dist_centroid__incenter,dist_centroid__orthocenter,dist_incenter__orthocenter,0.006827414990512503,0.15481907580815266,0.06895798672271407,2.146113421389856,0.0440993136980926
dist_circumcenter__incenter,perimeter,semiperimeter,0.006954065176301117,0.1573473023245985,0.05656578142317228,2.658731716675066,0.044195642845882906
dist_centroid__circumcenter,dist_orthocenter__steiner_focus_2,inradius,0.0058536597047563884,0.13165090716646405,0.0423915603264519,2.9675068927154227,0.044463496915785126
dist_centroid__circumcenter,dist_centroid__steiner_focus_2,dist_circumcenter__steiner_focus_2,0.008738454230499473,0.19627659938067854,0.16430358879872467,1.141412348454039,0.04452112100001915
dist_centroid__circumcenter,dist_centroid__orthocenter,dist_centroid__steiner_focus_2,0.0048244849364669756,0.10747523104118943,0.07149277740149321,1.4358198105558349,0.04488927253031921
dist_centroid__orthocenter,dist_incenter__orthocenter,dist_orthocenter__steiner_focus_1,0.004912938523413717,0.1080676740539711,0.023497695842926998,4.389993649594703,0.045461684693612454
dist_incenter__steiner_focus_2,perimeter,semiperimeter,0.014962999111970476,0.3286225486483418,0.05264786640118315,5.957687765468925,0.04553247844225792
dist_centroid__orthocenter,dist_centroid__steiner_focus_2,dist_circumcenter__orthocenter,0.005646528223265982,0.12337407378613584,0.007489628315511292,15.718743387979858,0.0457675429689873
dist_incenter__orthocenter,dist_orthocenter__steiner_focus_2,semiperimeter,0.019243830277642798,0.4192511076811252,0.22183196933559957,1.8031994153120892,0.04590048761965181
area,dist_centroid__steiner_focus_2,dist_steiner_focus_1__steiner_focus_2,0.014786650632962677,0.32051205936789473,0.06880249444955523,4.443522159782804,0.04613445953367406
dist_circumcenter__steiner_focus_1,dist_incenter__orthocenter,perimeter,0.005821532959401957,0.12519679964212005,0.019142567256923156,6.236115829215358,0.046499055695057995
dist_centroid__circumcenter,dist_steiner_focus_1__steiner_focus_2,inradius,0.012546501526537067,0.2693929990967888,0.214079121516378,1.1997736899840643,0.046573227844088474
dist_centroid__orthocenter,dist_circumcenter__steiner_focus_1,dist_steiner_focus_1__steiner_focus_2,0.005853908114310607,0.12557720741119363,0.03335089052370427,3.58980817054313,0.04661600807177055
dist_centroid__circumcenter,dist_centroid__steiner_focus_1,dist_centroid__steiner_focus_2,0.009794462230310878,0.20977596993751,0.06030674422653644,3.3160720292905874,0.04669010579824059
dist_incenter__steiner_focus_1,dist_incenter__steiner_focus_2,dist_steiner_focus_1__steiner_focus_2,0.013978356291863595,0.2988970390516057,0.05877122661846113,4.847928130025515,0.046766459568206624
area,circumradius,dist_centroid__circumcenter,0.00534626642597489,0.11411477739620084,0.02783619690836377,3.9074486837512254,0.04684990452562439
circumradius,dist_centroid__circumcenter,dist_orthocenter__steiner_focus_2,0.005509976733470578,0.11756617069095682,0.05746306667706983,1.9500559304851954,0.04686702561704177
dist_centroid__steiner_focus_1,dist_centroid__steiner_focus_2,perimeter,0.01623667312422359,0.345664694856383,0.017830457979583225,18.47557825544196,0.04697232134444512
dist_centroid__steiner_focus_1,dist_steiner_focus_1__steiner_focus_2,semiperimeter,0.01651812434624458,0.3489885921846976,0.026441116800001087,12.573994901699438,0.0473314163160456
circumradius,dist_centroid__circumcenter,dist_steiner_focus_1__steiner_focus_2,0.008122711974162249,0.17084782030589252,0.07933702111265224,2.0510614849109796,0.04754355050956478
dist_circumcenter__steiner_focus_1,dist_circumcenter__steiner_focus_2,inradius,0.0056831596460586095,0.11904201442175055,0.012618237073218071,8.983731571844817,0.047740788608666394
circumradius,dist_circumcenter__incenter,dist_circumcenter__orthocenter,0.007895905036050355,0.16456459955147681,0.06558818942023147,2.388672349401676,0.04798058062044181
circumradius,dist_orthocenter__steiner_focus_1,inradius,0.005124046823027181,0.10654656648670184,0.017552646612381678,5.778189574678213,0.04809208773205017
dist_centroid__incenter,dist_circumcenter__orthocenter,dist_circumcenter__steiner_focus_1,0.006283079551722725,0.12991801848211934,0.044673702952409244,2.76751043140759,0.04836187947699855
dist_centroid__steiner_focus_2,dist_steiner_focus_1__steiner_focus_2,semiperimeter,0.01709343924991036,0.352705532912067,0.03152219588356544,10.646850076746492,0.04846376837012059
circumradius,dist_centroid__incenter,dist_centroid__orthocenter,0.005019839098654441,0.10305284548769804,0.007699148224155305,12.732967795252321,0.0487113099584784
area,dist_circumcenter__steiner_focus_1,dist_orthocenter__steiner_focus_1,0.007879066652085284,0.16172560041799264,0.06969928910333036,2.2072898553933213,0.04871873489244258
circumradius,dist_circumcenter__orthocenter,inradius,0.009132993932340775,0.18652779643442616,0.1512017394639659,1.173232550967853,0.048963179252221954
circumradius,dist_circumcenter__incenter,dist_incenter__steiner_focus_2,0.006206784193322725,0.12652091567180937,0.06736329335224049,1.7860488329952624,0.04905737648487224
dist_centroid__circumcenter,dist_centroid__steiner_focus_1,dist_orthocenter__steiner_focus_2,0.007823838991671684,0.15793021333208473,0.09812373846011206,1.5297661574669035,0.049539849447428126
dist_centroid__steiner_focus_1,dist_steiner_focus_1__steiner_focus_2,perimeter,0.01718213424287257,0.3461373909752568,0.022128404687869627,14.865746599108038,0.04963963643009262
dist_centroid__orthocenter,dist_circumcenter__orthocenter,inradius,0.008947858036473607,0.17992087829186185,0.07265744967651976,2.3531381987199107,0.04973218295410208
dist_centroid__circumcenter,perimeter,semiperimeter,0.017712456223812123,0.35519779240657096,0.13175889723152273,2.561385555540434,0.049866459202364266
dist_circumcenter__steiner_focus_1,dist_orthocenter__steiner_focus_1,dist_orthocenter__steiner_focus_2,0.005570299944516951,0.11139738136517642,0.03805410077356479,2.7809639242395354,0.05000386792088691
dist_circumcenter__steiner_focus_1,dist_circumcenter__steiner_focus_2,semiperimeter,0.006530259428728482,0.1299701400766262,0.059073850526792454,2.0895858243049954,0.05024430553724457
dist_circumcenter__steiner_focus_2,dist_incenter__steiner_focus_2,dist_orthocenter__steiner_focus_2,0.005615098744275067,0.11097920536783412,0.04586669127372385,2.297181324782416,0.050595953770475724
area,dist_circumcenter__orthocenter,dist_circumcenter__steiner_focus_2,0.005047268439666913,0.09912451128523325,0.011609160353167463,8.103707760389247,0.05091846985397257
dist_centroid__circumcenter,dist_centroid__orthocenter,dist_centroid__steiner_focus_1,0.010291284293871964,0.20093103122280684,0.11568147626632132,1.6479712490013958,0.051217993712779214
dist_centroid__incenter,dist_circumcenter__steiner_focus_1,dist_orthocenter__steiner_focus_2,0.00392603012621736,0.07654046705808025,0.04080502862225723,1.7795462810251559,0.051293521938378286
dist_centroid__steiner_focus_1,dist_incenter__orthocenter,dist_steiner_focus_1__steiner_focus_2,0.011097237030875787,0.21478724361967716,0.16892741559069285,1.2057841877030633,0.051666182981171906
dist_circumcenter__orthocenter,dist_incenter__orthocenter,dist_steiner_focus_1__steiner_focus_2,0.005772261883019949,0.11134889286923322,0.07315664019108316,1.4431585528046391,0.05183941873404006
dist_centroid__circumcenter,dist_circumcenter__steiner_focus_2,dist_incenter__steiner_focus_2,0.00698925882198091,0.1342609589424575,0.034542699400448885,3.6844746452798267,0.052057268747621684
dist_centroid__steiner_focus_1,dist_circumcenter__incenter,dist_circumcenter__orthocenter,0.006109256325675222,0.11699703590271622,0.028009563259788716,3.9589256907919905,0.05221718891028237
dist_centroid__steiner_focus_1,dist_circumcenter__steiner_focus_1,dist_incenter__orthocenter,0.009462928453955846,0.18101242565997244,0.07935742048668651,2.1617322759980184,0.05227778380105094
area,dist_centroid__steiner_focus_1,dist_centroid__steiner_focus_2,0.012667303489230753,0.2411392721419485,0.03649736309149842,6.259958235337207,0.05253106794555657
circumradius,dist_incenter__orthocenter,dist_steiner_focus_1__steiner_focus_2,0.005920048608835272,0.11215272852505186,0.018232654035719807,5.826506646157761,0.05278559591631241
dist_centroid__steiner_focus_1,dist_incenter__steiner_focus_2,dist_steiner_focus_1__steiner_focus_2,0.01908203861043368,0.36072672029110847,0.0057238893942780904,59.68750584562331,0.052898877563143556
dist_circumcenter__steiner_focus_1,dist_orthocenter__steiner_focus_1,dist_steiner_focus_1__steiner_focus_2,0.006424029685082758,0.12133814494221344,0.018681165139465324,6.151335551034032,0.05294320008058606
dist_incenter__orthocenter,dist_orthocenter__steiner_focus_2,dist_steiner_focus_1__steiner_focus_2,0.010877521093674363,0.20444614786264678,0.06281362978721564,3.0816341520892196,0.05320482291983421
dist_centroid__circumcenter,dist_circumcenter__steiner_focus_2,dist_incenter__steiner_focus_1,0.010309030016577743,0.1927802956121385,0.1230914842763032,1.482403650166147,0.05347553796327217
dist_centroid__steiner_focus_2,perimeter,semiperimeter,0.017211273922335697,0.32174883339720184,0.018692017963519967,16.292385341658292,0.053492886798095156
circumradius,dist_centroid__orthocenter,dist_circumcenter__steiner_focus_2,0.005070811204322771,0.09376456718492375,0.023574874343068396,3.7622154285916336,0.0540802496781332
dist_circumcenter__incenter,dist_circumcenter__steiner_focus_1,perimeter,0.015765387800553348,0.2914035247152221,0.14455102993198765,1.906856955943922,0.054101568661395844
dist_circumcenter__steiner_focus_2,dist_incenter__orthocenter,semiperimeter,0.004701422131069774,0.08657819198910045,0.02265753876385843,3.613665663837867,0.05430261389221027
area,dist_centroid__steiner_focus_1,dist_circumcenter__incenter,0.01151388106932667,0.21192832207053813,0.09067796073387974,2.210178078324728,0.054329128626302216
dist_orthocenter__steiner_focus_1,dist_orthocenter__steiner_focus_2,inradius,0.004246492077776051,0.07810525564275522,0.013640585351862603,5.414632998494735,0.05436883911114811
dist_centroid__circumcenter,dist_circumcenter__incenter,semiperimeter,0.0074542595852706076,0.1362829819397597,0.03835873210932262,3.3585239988466373,0.054696921649143
dist_centroid__orthocenter,dist_orthocenter__steiner_focus_2,semiperimeter,0.005158107842129731,0.09293391277412959,0.024661625152977724,3.5592060291047574,0.055502966443113276
area,dist_circumcenter__steiner_focus_2,dist_orthocenter__steiner_focus_1,0.006325289175811435,0.11368955929718365,0.01627202422073909,6.598089375047381,0.055636500087727296
dist_centroid__circumcenter,dist_incenter__steiner_focus_2,dist_orthocenter__steiner_focus_1,0.0115837501660835,0.2076012516590311,0.09758832772790117,2.0086162562339394,0.055798074787665096
dist_centroid__steiner_focus_2,dist_circumcenter__incenter,dist_circumcenter__steiner_focus_1,0.006911746395100697,0.12283949174202846,0.01048257009204731,11.0590956539253,0.056266484801287264
dist_centroid__steiner_focus_1,dist_centroid__steiner_focus_2,dist_circumcenter__incenter,0.01016011199899857,0.18040943696452624,0.10776176606416797,1.5798676208048665,0.05631696528711159
dist_centroid__steiner_focus_1,dist_centroid__steiner_focus_2,inradius,0.018179200893161114,0.32069804684694675,0.010859556889187053,27.85738396517873,0.056686347397173716
dist_circumcenter__steiner_focus_1,dist_incenter__orthocenter,dist_steiner_focus_1__steiner_focus_2,0.005392727504376209,0.09502410020684719,0.040728815841324886,2.2006869301495344,0.05675115568195218
circumradius,dist_centroid__steiner_focus_1,dist_circumcenter__orthocenter,0.006634068090688025,0.11668188024417118,0.03945002958035106,2.789549547214911,0.05685602663245931
dist_centroid__steiner_focus_1,dist_incenter__steiner_focus_1,dist_steiner_focus_1__steiner_focus_2,0.017358202137294724,0.30457507705479886,0.05893208416039814,4.873692811131079,0.05699153819526623
area,dist_circumcenter__incenter,dist_orthocenter__steiner_focus_2,0.006336083479867679,0.11073980188226273,0.021278523373457425,4.906530240374997,0.057215954626721556
dist_steiner_focus_1__steiner_focus_2,inradius,semiperimeter,0.019781931005424323,0.3457045145587088,0.003935225994069366,82.82182117227076,0.05722207889207326
dist_orthocenter__steiner_focus_1,perimeter,semiperimeter,0.012651315617546288,0.21881071303414643,0.09766463532510887,2.110890976353219,0.0578185384166816
dist_centroid__circumcenter,dist_centroid__orthocenter,dist_incenter__steiner_focus_2,0.006108251361792129,0.10461389680258555,0.04974571458826016,1.9801835445749223,0.05838852722711274
dist_centroid__incenter,perimeter,semiperimeter,0.01755430392808612,0.29941506349517,0.0388948715642779,7.246733264082878,0.05862865990497935
dist_centroid__incenter,dist_circumcenter__incenter,dist_circumcenter__steiner_focus_2,0.006254967116152913,0.10626131393091458,0.021595081463896836,4.630977983665152,0.058864010661674654
dist_centroid__steiner_focus_1,dist_circumcenter__orthocenter,dist_steiner_focus_1__steiner_focus_2,0.010809377971182092,0.18361555127526316,0.11317051626112247,1.526954007220035,0.05886962131533975
dist_centroid__orthocenter,dist_circumcenter__incenter,inradius,0.011740060652144037,0.19892428899032621,0.14631882557208037,1.279290122828183,0.05901773338858063
area,inradius,perimeter,0.014006470883573601,0.23686401430483198,0.03214016823237386,6.933925852845426,0.059132962534139875
dist_circumcenter__orthocenter,dist_circumcenter__steiner_focus_1,inradius,0.005388826763272948,0.0908723863814929,0.0389887019683592,2.1925213023914747,0.05930103717811506
area,dist_steiner_focus_1__steiner_focus_2,perimeter,0.019093772659476847,0.32136951479495396,0.050204997160662936,6.020829782504576,0.0594137644687904
circumradius,dist_centroid__incenter,dist_circumcenter__orthocenter,0.015112382627463027,0.2543178788065405,0.0908283715504138,2.6335988644947546,0.059423201775597574
dist_centroid__circumcenter,dist_centroid__incenter,dist_centroid__orthocenter,0.0065590493139273875,0.10967418917123169,0.011275151080359761,9.145344405798788,0.05980485803899494
dist_circumcenter__steiner_focus_2,dist_incenter__orthocenter,dist_steiner_focus_1__steiner_focus_2,0.005801826258672038,0.09699916109779218,0.0258266150559043,3.531137729110623,0.059813159134673125
circumradius,dist_circumcenter__incenter,semiperimeter,0.007650003245250878,0.12674507388435707,0.04979942619402884,2.391494837211321,0.06035740096874127
dist_centroid__circumcenter,dist_circumcenter__orthocenter,semiperimeter,0.006888733219741824,0.1138050249163715,0.007262254122351456,14.72219091969906,0.06053101104106731
dist_centroid__steiner_focus_2,dist_circumcenter__steiner_focus_1,dist_orthocenter__steiner_focus_2,0.007981718716036625,0.13183322682604584,0.05984472827948963,2.069547505196985,0.06054405940141718
area,dist_circumcenter__steiner_focus_2,inradius,0.021161194940866088,0.34905465717597056,0.1288498598070921,2.5447715870704943,0.060624301970559284
dist_centroid__orthocenter,dist_centroid__steiner_focus_1,dist_orthocenter__steiner_focus_1,0.007502727047479364,0.12368972711974596,0.005140951788885131,22.60028976024748,0.060657640874378
dist_centroid__orthocenter,dist_incenter__orthocenter,dist_steiner_focus_1__steiner_focus_2,0.006192559058589827,0.1018242286922469,0.04724347180144847,2.0242303536787283,0.060816164660634844
dist_centroid__steiner_focus_1,dist_centroid__steiner_focus_2,dist_circumcenter__orthocenter,0.015057239859162977,0.2474631215827877,0.22565822112032927,1.029902126187981,0.060846399103252416
area,dist_steiner_focus_1__steiner_focus_2,semiperimeter,0.01726541117691544,0.2832843170428971,0.0409816569621768,6.4911700888887545,0.06094728913037914
area,dist_steiner_focus_1__steiner_focus_2,inradius,0.01629083605159534,0.2659751705037708,0.05609256511039365,4.451291075043211,0.061249461822844777
dist_circumcenter__orthocenter,dist_incenter__orthocenter,dist_incenter__steiner_focus_1,0.005589746245478106,0.09107443459138274,0.008666625849402405,9.86366434081138,0.06137557999187398
dist_centroid__incenter,dist_centroid__orthocenter,dist_circumcenter__incenter,0.011164691104146465,0.18175848608533396,0.07125174571469008,2.39424021502979,0.061425968848050065
dist_centroid__incenter,dist_circumcenter__orthocenter,dist_incenter__orthocenter,0.011529144449502935,0.18720773204599536,0.08982312201307385,1.9558281170734884,0.06158476641696787
dist_centroid__circumcenter,dist_circumcenter__orthocenter,dist_incenter__steiner_focus_2,0.006140653529260148,0.09960036583568782,0.01858244500159168,5.029462608307054,0.061652921429932034
dist_incenter__steiner_focus_1,dist_orthocenter__steiner_focus_1,inradius,0.019366718345709816,0.31330159202487917,0.16647446289436646,1.7656454243416346,0.06181493755120118
circumradius,dist_incenter__orthocenter,inradius,0.006780153422745464,0.10960556774513097,0.026262662094890858,3.9152700495807387,0.06185957120820315
circumradius,dist_circumcenter__steiner_focus_1,dist_circumcenter__steiner_focus_2,0.006038122305493518,0.09745039995184589,0.03303053050402209,2.767508612531101,0.06196098023689173
dist_centroid__steiner_focus_2,dist_steiner_focus_1__steiner_focus_2,perimeter,0.02084013813916517,0.335184554631458,0.015443531550957658,20.35443871468636,0.0621751147277037
dist_centroid__steiner_focus_2,inradius,semiperimeter,0.02124918345860863,0.3400898550628131,0.01520997708966212,20.962600385566216,0.06248108593149302
dist_centroid__steiner_focus_1,dist_circumcenter__steiner_focus_2,dist_orthocenter__steiner_focus_2,0.010458044028683658,0.166483683583665,0.09252056172888332,1.6863888052494695,0.06281723111579313
dist_centroid__orthocenter,dist_orthocenter__steiner_focus_1,inradius,0.007236774844998997,0.11490373482074567,0.0346322941614578,3.1088601717748454,0.06298119775034858
dist_centroid__orthocenter,dist_circumcenter__incenter,dist_incenter__steiner_focus_2,0.006472588453239276,0.10270705984417396,0.014963977960323333,6.431075456412614,0.06301989817505649
dist_incenter__orthocenter,dist_orthocenter__steiner_focus_1,inradius,0.00756811616058958,0.11936865021166294,0.030394550705791504,3.6783084946134905,0.0634012041450573
dist_centroid__steiner_focus_1,dist_circumcenter__steiner_focus_2,dist_incenter__orthocenter,0.008032053471338384,0.12654889245181142,0.04444696866008031,2.666477434869883,0.06346996260276962
dist_centroid__circumcenter,dist_circumcenter__incenter,dist_steiner_focus_1__steiner_focus_2,0.0063533750765400725,0.10009180506308697,0.036610904812221894,2.5603964301711004,0.0634754770636377
dist_circumcenter__incenter,dist_orthocenter__steiner_focus_1,dist_steiner_focus_1__steiner_focus_2,0.009500696142320714,0.14682513993903884,0.06494298423419033,2.114538551254646,0.06470755720897226
area,dist_centroid__steiner_focus_1,semiperimeter,0.017215587851205555,0.26596810491446826,0.03613939433393305,6.883140175641979,0.06472801637903859
dist_centroid__orthocenter,dist_incenter__orthocenter,perimeter,0.009142408005442585,0.1409555659256876,0.031068089168581135,4.2427185400750815,0.06486021282949908
dist_centroid__orthocenter,dist_centroid__steiner_focus_2,dist_circumcenter__incenter,0.006574699542695244,0.10053630118096725,0.03208309118903393,2.9286954017195295,0.06539627443484976
dist_circumcenter__incenter,dist_circumcenter__steiner_focus_1,dist_incenter__steiner_focus_2,0.010813881034795638,0.16467022271505702,0.12461613637565863,1.2346422073017684,0.06566992414595699
dist_circumcenter__steiner_focus_1,dist_orthocenter__steiner_focus_2,semiperimeter,0.009339506350725047,0.14157857147528824,0.024341961901129153,5.432555751327053,0.06596694862368495
dist_centroid__circumcenter,dist_centroid__steiner_focus_1,dist_circumcenter__steiner_focus_1,0.007929591688337267,0.12012208767629505,0.009166057579433881,12.239994677721311,0.06601276952250387
dist_circumcenter__steiner_focus_1,dist_circumcenter__steiner_focus_2,perimeter,0.012524148307817345,0.18956387798381225,0.08601190650407846,2.0583165386248026,0.06606822165184256
dist_circumcenter__orthocenter,dist_circumcenter__steiner_focus_2,dist_incenter__steiner_focus_2,0.008542905562942417,0.12911707630390437,0.023115860970345042,5.216079595548899,0.06616402576243967
dist_centroid__steiner_focus_2,dist_incenter__steiner_focus_2,dist_steiner_focus_1__steiner_focus_2,0.015465734202255688,0.23306977633118206,0.0015481637571945063,140.55621772418698,0.06635666985958552
dist_centroid__incenter,dist_circumcenter__incenter,dist_orthocenter__steiner_focus_1,0.01335988602879769,0.20076211090848553,0.1545057571085375,1.2129141877091425,0.06654585353950376
dist_centroid__incenter,dist_centroid__steiner_focus_1,dist_centroid__steiner_focus_2,0.023555456687753187,0.3538477318027983,0.02621320015901425,12.600227103574898,0.06656947203742654
dist_incenter__steiner_focus_1,dist_orthocenter__steiner_focus_1,dist_orthocenter__steiner_focus_2,0.007816911985339582,0.11726919651528374,0.02655245607259843,4.122115266123972,0.06665784551803253
dist_centroid__orthocenter,dist_circumcenter__incenter,dist_circumcenter__steiner_focus_2,0.006764845121911734,0.10124839935685394,0.03407070558060545,2.7731610668117894,0.06681434141066046
dist_centroid__circumcenter,dist_orthocenter__steiner_focus_2,perimeter,0.009718545130738731,0.14476505834817105,0.029849531739039554,4.5242422694627376,0.06713322428513713
area,dist_centroid__steiner_focus_2,inradius,0.024231921557722136,0.35720407415651695,0.007113052114702759,46.811431609018804,0.06783775245269005
dist_centroid__orthocenter,dist_centroid__steiner_focus_1,dist_orthocenter__steiner_focus_2,0.00852845744724206,0.12566853939627554,0.040533729247222525,2.8899408992095195,0.0678646977852503
dist_circumcenter__incenter,dist_incenter__steiner_focus_2,dist_orthocenter__steiner_focus_2,0.007102792547803597,0.10454324436747363,0.017673953761454475,5.513223194697958,0.06794119113844412
dist_centroid__steiner_focus_1,dist_centroid__steiner_focus_2,dist_circumcenter__steiner_focus_2,0.01600362878929502,0.2351346093921961,0.15795268147628466,1.3873204212478145,0.06806156197364184
circumradius,dist_incenter__orthocenter,dist_incenter__steiner_focus_1,0.006599693282991804,0.09603714503123854,0.03168903773681366,2.8223467210033273,0.06872021529633231
dist_circumcenter__incenter,dist_incenter__orthocenter,semiperimeter,0.008226268303252075,0.11969456268969166,0.04724577082674899,2.35932851630669,0.06872716787126487
dist_centroid__circumcenter,dist_circumcenter__incenter,perimeter,0.007588268011699208,0.11040591387773217,0.01756564158950707,5.853338481382407,0.06873062995613399
dist_centroid__steiner_focus_2,dist_incenter__orthocenter,inradius,0.018213778280625686,0.2643803588681279,0.16023522755925626,1.536282528737121,0.06889232754885041
dist_centroid__steiner_focus_2,inradius,perimeter,0.023956665651871125,0.3472022940509419,0.014288497871989476,22.622785914588466,0.06899915715521217
dist_orthocenter__steiner_focus_1,dist_orthocenter__steiner_focus_2,dist_steiner_focus_1__steiner_focus_2,0.013592890762848015,0.19699990008019053,0.09737152009963489,1.8835796044846818,0.06899948049372061
dist_centroid__steiner_focus_2,dist_circumcenter__incenter,dist_circumcenter__orthocenter,0.005985212827286052,0.0859076548972642,0.03314466667176751,2.411321340517681,0.06967030859407916
circumradius,dist_incenter__steiner_focus_2,dist_orthocenter__steiner_focus_2,0.006690140974768557,0.09591708889707344,0.01982527067326404,4.5006673246905295,0.0697492079012907
dist_centroid__steiner_focus_1,dist_circumcenter__steiner_focus_1,dist_circumcenter__steiner_focus_2,0.008139768207242704,0.11647740171825889,0.01491888902576522,7.261776216976675,0.0698828106324999
circumradius,dist_centroid__steiner_focus_2,dist_circumcenter__orthocenter,0.008984694097191664,0.1279320639713656,0.02448420534042806,4.858126625729989,0.07023019732725225
dist_centroid__steiner_focus_1,perimeter,semiperimeter,0.023979610003188174,0.34142939025330116,0.023898023701697763,13.283516001683466,0.07023299893836929
circumradius,dist_incenter__steiner_focus_1,dist_orthocenter__steiner_focus_2,0.012916300735149261,0.18371704291476906,0.10938894514572245,1.5614077085402702,0.07030540297310063
dist_circumcenter__steiner_focus_2,dist_incenter__orthocenter,perimeter,0.006425595702997987,0.09125417226781674,0.012974030015962496,6.538336697267586,0.07041426757058152
dist_centroid__incenter,dist_centroid__steiner_focus_2,dist_steiner_focus_1__steiner_focus_2,0.01894584721033158,0.2686893724633595,0.05667881374053796,4.406294147162183,0.07051208254585944
circumradius,dist_centroid__orthocenter,dist_circumcenter__orthocenter,0.012008210329886814,0.1687061899602488,0.02573446895904297,6.089031014385827,0.07117824386121359
dist_circumcenter__steiner_focus_2,dist_orthocenter__steiner_focus_2,semiperimeter,0.011372547329408093,0.1593362680544878,0.06023040231707143,2.456628463913507,0.07137450542973087
circumradius,dist_orthocenter__steiner_focus_2,inradius,0.008298038548531103,0.11589586685700493,0.03899172693115984,2.7595040480879063,0.07159908954103963
circumradius,dist_centroid__steiner_focus_1,dist_circumcenter__steiner_focus_2,0.006395850384212215,0.08884726358968272,0.006893596054977104,11.960580885203079,0.07198702723980038
dist_centroid__circumcenter,dist_orthocenter__steiner_focus_1,semiperimeter,0.0109489209504239,0.15072340668768894,0.04429371013034005,3.1556283121454554,0.07264247266591412
dist_centroid__orthocenter,dist_circumcenter__steiner_focus_1,inradius,0.009780076851745511,0.13378489624154047,0.01971382052258074,6.290247963237594,0.07310299687408793
dist_circumcenter__incenter,dist_circumcenter__orthocenter,dist_incenter__steiner_focus_2,0.006414506612429144,0.08770769667156918,0.01989466722870314,4.086179935789719,0.07313504807279284
dist_centroid__circumcenter,dist_circumcenter__steiner_focus_1,dist_circumcenter__steiner_focus_2,0.007319184073909344,0.09997281789611945,0.02425388044478894,3.8201571098334153,0.07321174123064751
dist_centroid__steiner_focus_1,inradius,semiperimeter,0.02257829022023235,0.30834139680950573,0.030796187113674326,9.279171656363491,0.07322497223485464
area,dist_centroid__circumcenter,dist_circumcenter__steiner_focus_2,0.009768461062785977,0.13340109006705378,0.049175415561866505,2.514114575172798,0.07322624618641332
dist_centroid__steiner_focus_1,dist_orthocenter__steiner_focus_1,dist_orthocenter__steiner_focus_2,0.008226893477894872,0.11229556948094943,0.016735162541224872,6.218563802215548,0.07326106912250475
dist_steiner_focus_1__steiner_focus_2,perimeter,semiperimeter,0.024397055333059577,0.33229588987617686,0.021109203436859392,14.585999678485555,0.07341967227506374
dist_incenter__steiner_focus_1,perimeter,semiperimeter,0.021119395289244912,0.28740070455719396,0.06402495244800033,4.159023928744296,0.07348414584363715
dist_centroid__circumcenter,dist_centroid__steiner_focus_2,dist_circumcenter__steiner_focus_1,0.007255571009576738,0.09873313390229531,0.02603005955683414,3.5143047864714285,0.07348668803278069
dist_centroid__steiner_focus_1,inradius,perimeter,0.024088845239956497,0.327591813911932,0.02318569265739695,13.090097119662659,0.0735331110759453
circumradius,dist_centroid__circumcenter,perimeter,0.007881786462610679,0.10715551315721432,0.0144116464510135,6.888437558612342,0.07355465183622269
inradius,perimeter,semiperimeter,0.024092091222338824,0.326907427778002,0.01504450180731029,20.127973689931153,0.07369698322884057
dist_centroid__orthocenter,dist_orthocenter__steiner_focus_1,perimeter,0.00790747638289893,0.1059333340592934,0.020577431846043284,4.763755672224145,0.07464578032135691
dist_centroid__steiner_focus_2,dist_circumcenter__orthocenter,dist_circumcenter__steiner_focus_1,0.00759230412713345,0.10111339167548472,0.033284605856425245,2.8097399726395738,0.07508702854613301
dist_circumcenter__steiner_focus_1,dist_circumcenter__steiner_focus_2,dist_orthocenter__steiner_focus_1,0.006177366115154311,0.08190665303139731,0.014390391042971332,5.2624898579966874,0.0754195890874254
circumradius,dist_centroid__orthocenter,dist_incenter__steiner_focus_2,0.007143920880038322,0.09434090162866564,0.028471061123121796,3.0626529995333853,0.07572453471090879
circumradius,dist_centroid__orthocenter,dist_steiner_focus_1__steiner_focus_2,0.006681896036512046,0.087439994958325,0.04450175031444158,1.8147173617035366,0.07641693071570649
dist_centroid__circumcenter,dist_centroid__steiner_focus_1,dist_incenter__orthocenter,0.005505612357993464,0.07168482831669223,0.012974022467723712,5.100901907896102,0.0768030347184559
area,dist_centroid__incenter,inradius,0.020228945502956584,0.2606358348928805,0.0555806012537013,4.325374032795559,0.07761383046682947
circumradius,dist_centroid__incenter,dist_circumcenter__steiner_focus_2,0.009468820535639943,0.12140634192660467,0.05355300168445472,2.0902193690378663,0.07799279992608829
dist_circumcenter__steiner_focus_2,dist_orthocenter__steiner_focus_1,perimeter,0.009716791833886783,0.1244544420976984,0.06906379461932191,1.661328499197633,0.0780750905319954
dist_centroid__steiner_focus_2,dist_circumcenter__steiner_focus_2,dist_orthocenter__steiner_focus_2,0.01589158073611023,0.20277686347789906,0.14774748465337217,1.2648965441289046,0.07836979260625695
dist_centroid__orthocenter,dist_circumcenter__steiner_focus_2,dist_incenter__steiner_focus_1,0.009350529174233188,0.11906831830418052,0.019682696025136368,5.5743272664389565,0.0785307906201014
area,dist_circumcenter__steiner_focus_1,dist_orthocenter__steiner_focus_2,0.01681742050739452,0.21289788378223007,0.08627019138403226,2.27286459122343,0.07899289654093883
dist_circumcenter__orthocenter,dist_incenter__steiner_focus_2,inradius,0.02322581022793847,0.29394654702828205,0.15215901741527052,1.7791961422930058,0.07901372022479924
dist_centroid__orthocenter,dist_centroid__steiner_focus_1,dist_incenter__orthocenter,0.015242266428673195,0.19218751770513853,0.08900341165210787,1.9880726816192191,0.07930934646889225
circumradius,dist_centroid__orthocenter,perimeter,0.010013676838057109,0.12614720547590105,0.06375903810468943,1.821444176230482,0.07938088521485405
dist_centroid__orthocenter,dist_incenter__steiner_focus_1,inradius,0.01762709080294813,0.22193795875112773,0.08460860353951592,2.414776505001143,0.07942350602005148
dist_centroid__incenter,dist_circumcenter__steiner_focus_2,inradius,0.020587346522206198,0.2587925863079851,0.1268531937594346,1.8778024638269113,0.07955153127031821
circumradius,dist_centroid__circumcenter,dist_centroid__orthocenter,0.006741851102793703,0.08456721242715083,0.025491284560089197,3.0530184205077506,0.07972180836161971
circumradius,dist_centroid__steiner_focus_2,dist_steiner_focus_1__steiner_focus_2,0.021237226293245946,0.2656326524998251,0.05905626375797414,4.13834893463912,0.07994960744993475
dist_centroid__incenter,dist_incenter__orthocenter,dist_orthocenter__steiner_focus_2,0.019383371207421854,0.23967184778715755,0.10981921743482481,2.0059191981628524,0.08087462664632772
circumradius,dist_centroid__circumcenter,dist_centroid__steiner_focus_2,0.014130926429227775,0.17267027727240988,0.09525410864705187,1.6643833331181868,0.08183763096027463
dist_centroid__incenter,dist_centroid__orthocenter,dist_orthocenter__steiner_focus_1,0.02075333588620138,0.2528086936569764,0.2360514275717894,0.9830711898584088,0.08209106888689736
dist_centroid__steiner_focus_1,dist_centroid__steiner_focus_2,dist_circumcenter__steiner_focus_1,0.01633047116115305,0.19745711568412258,0.08136582232436301,2.2260777234071605,0.08270388790281602
dist_centroid__orthocenter,dist_circumcenter__steiner_focus_2,perimeter,0.008691515348234577,0.10507941633484418,0.015004767868898981,6.423818204238727,0.08271377641210292
dist_centroid__circumcenter,dist_incenter__steiner_focus_1,dist_orthocenter__steiner_focus_1,0.0068423894732084645,0.0826777022982212,0.028489577775924414,2.661861590981479,0.08275979233829865
dist_centroid__steiner_focus_1,dist_circumcenter__steiner_focus_2,dist_steiner_focus_1__steiner_focus_2,0.009572601146032204,0.1154541943529661,0.013803559503219204,7.670600701380008,0.08291254553097384
dist_incenter__orthocenter,dist_orthocenter__steiner_focus_1,perimeter,0.008403617645834407,0.10088971392476857,0.032382521258397176,2.856049890029839,0.08329508845768772
dist_centroid__orthocenter,dist_centroid__steiner_focus_2,dist_orthocenter__steiner_focus_1,0.009825430965772928,0.11789342390453848,0.025892333139993617,4.173744882489651,0.08334163722082452
circumradius,dist_orthocenter__steiner_focus_2,dist_steiner_focus_1__steiner_focus_2,0.015657121853770394,0.18780048905092725,0.11030828387726671,1.5605660893853655,0.08337103877042906
circumradius,dist_circumcenter__steiner_focus_2,perimeter,0.009125880635646514,0.10890264246412455,0.014983992757511127,6.6588901531911295,0.08379852342566273
dist_circumcenter__incenter,dist_circumcenter__steiner_focus_1,dist_steiner_focus_1__steiner_focus_2,0.013528738609990253,0.16135724823605882,0.03666621135898343,4.031736690184374,0.08384338948442081
dist_incenter__orthocenter,inradius,perimeter,0.021665672545745692,0.25770972022623617,0.08239889496833117,2.864650645754541,0.08407006350682467
area,dist_centroid__steiner_focus_1,perimeter,0.024371191755961513,0.2875925084475442,0.08289716185085,3.175275375110851,0.08474209529142421
dist_centroid__steiner_focus_1,dist_incenter__orthocenter,inradius,0.02520034216585883,0.29684442987180676,0.1216219483435746,2.233512054407893,0.08489410489104236
circumradius,dist_circumcenter__orthocenter,dist_steiner_focus_1__steiner_focus_2,0.013644442932371477,0.16057605246685083,0.11549364721420308,1.2722051219143604,0.0849718418329422
area,dist_circumcenter__incenter,dist_circumcenter__orthocenter,0.011929700026551096,0.14004046272661666,0.0164025717830918,7.810407074829904,0.08518752219378156
dist_centroid__orthocenter,dist_incenter__orthocenter,dist_orthocenter__steiner_focus_2,0.011398136823980911,0.13373948490693358,0.03241095979808084,3.774690686272021,0.08522641486104593
dist_centroid__steiner_focus_1,dist_orthocenter__steiner_focus_2,inradius,0.021822059992137897,0.2555216410981334,0.10794830684858696,2.1649212287673287,0.08540200312723065
circumradius,dist_centroid__circumcenter,dist_circumcenter__incenter,0.008601659093737921,0.10068709919589236,0.04805418294658014,1.9162835461071523,0.0854296048096779
dist_centroid__orthocenter,dist_circumcenter__steiner_focus_1,dist_incenter__orthocenter,0.01271787484678827,0.14797758616944487,0.035853304021955704,3.772587074257558,0.08594460266587535
dist_circumcenter__orthocenter,dist_orthocenter__steiner_focus_1,perimeter,0.013412097709567392,0.15559225610380148,0.08413302796424611,1.6899446250128567,0.0862002907176799
dist_centroid__steiner_focus_2,dist_incenter__orthocenter,dist_steiner_focus_1__steiner_focus_2,0.01138727218795533,0.13139413753555215,0.011594463709056427,10.350359305869365,0.0866649943561919
dist_incenter__steiner_focus_1,dist_orthocenter__steiner_focus_2,inradius,0.01817775073385987,0.20956049427257217,0.09521321044856498,2.01004401213946,0.08674225930301703
dist_circumcenter__steiner_focus_2,perimeter,semiperimeter,0.024618033469406008,0.2830579388648312,0.12780216711178577,2.022187191625424,0.08697171175672931
dist_centroid__circumcenter,dist_circumcenter__steiner_focus_2,dist_steiner_focus_1__steiner_focus_2,0.0100066574794178,0.1139856981088994,0.019892568011342513,5.22702954038885,0.08778871073682999
dist_centroid__incenter,dist_circumcenter__orthocenter,dist_circumcenter__steiner_focus_2,0.011571856942046125,0.13137992898493522,0.017882173506080973,6.6998607301370505,0.08807933625366034
circumradius,dist_centroid__circumcenter,inradius,0.00775680955258309,0.08792889932035806,0.010034160543752326,7.989914992708917,0.08821683897488714
dist_circumcenter__incenter,dist_incenter__steiner_focus_1,inradius,0.0197110977877913,0.22165661899648628,0.13934110923881812,1.4492888876216603,0.08892627649483259
dist_centroid__orthocenter,dist_orthocenter__steiner_focus_2,dist_steiner_focus_1__steiner_focus_2,0.007093501217306529,0.0794602646485305,0.03624231321748119,1.9967479171919535,0.0892710494821856
dist_centroid__steiner_focus_1,dist_circumcenter__orthocenter,dist_circumcenter__steiner_focus_1,0.019043647219340442,0.21303862329493084,0.12810753919242018,1.5143135001930366,0.08939058526010282
dist_circumcenter__orthocenter,dist_orthocenter__steiner_focus_2,dist_steiner_focus_1__steiner_focus_2,0.011975469443238101,0.13352692628022295,0.010597492731310694,11.4698315836402,0.08968580178432388
circumradius,dist_centroid__orthocenter,dist_centroid__steiner_focus_2,0.013078715627089498,0.14439490131898083,0.062057632622682865,2.1160360159129494,0.09057602108953614
area,inradius,semiperimeter,0.028799850713044306,0.31745040560777116,0.051895561972274885,5.562143349539945,0.09072236231012486
circumradius,dist_incenter__orthocenter,dist_orthocenter__steiner_focus_1,0.010786024543392218,0.11843509372880051,0.028348754560315173,3.797312116705965,0.0910711867893707
circumradius,dist_centroid__incenter,dist_orthocenter__steiner_focus_2,0.012578131894727847,0.13751660777856792,0.0039237656290459786,31.841472630009637,0.09146627522241833
dist_circumcenter__incenter,dist_orthocenter__steiner_focus_1,perimeter,0.005179441230849549,0.05651407648889578,0.012277935363634342,4.181047850283753,0.09164869272644376
area,dist_incenter__steiner_focus_1,inradius,0.027051491787117094,0.2921625310377692,0.08664641820980305,3.0596883832949695,0.09259055803983306
area,dist_circumcenter__incenter,inradius,0.021175708911203857,0.2283561097958704,0.1487077134998659,1.3932054767613207,0.09273108098632883
area,dist_incenter__steiner_focus_2,inradius,0.020105934257225955,0.21660881542644442,0.036183256240436154,5.430768305192474,0.09282140349478753
area,dist_centroid__steiner_focus_2,semiperimeter,0.02856598926164015,0.3066635526143846,0.05731877904943151,4.8517705360212595,0.09315091088623947
area,dist_centroid__steiner_focus_2,perimeter,0.02455642009757433,0.2636111679698227,0.07339745160645893,3.2569897542765873,0.09315394445043187
circumradius,dist_incenter__steiner_focus_2,dist_orthocenter__steiner_focus_1,0.009090286310215296,0.09669716546005973,0.03540111117969502,2.474692918681406,0.09400778468496052
dist_steiner_focus_1__steiner_focus_2,inradius,perimeter,0.03225377419699889,0.3425850215876253,0.019391385632034516,16.003562266224034,0.09414823230603245
dist_centroid__circumcenter,dist_orthocenter__steiner_focus_1,perimeter,0.013600431121377512,0.14382446778776573,0.028120559632178837,4.630919098685739,0.0945627077963324
dist_centroid__circumcenter,dist_incenter__orthocenter,dist_orthocenter__steiner_focus_1,0.013135854282206304,0.13819850066431186,0.05497688440819296,2.274822368134561,0.09505062803911074
dist_centroid__orthocenter,dist_incenter__steiner_focus_2,dist_orthocenter__steiner_focus_1,0.01200896768302008,0.1256555943757627,0.02952522170636708,3.849137114802253,0.09557049761834122
circumradius,dist_circumcenter__incenter,dist_steiner_focus_1__steiner_focus_2,0.011353345764292899,0.11878562414300826,0.03162324654441466,3.3972564527120066,0.09557844938057816
dist_circumcenter__steiner_focus_1,dist_incenter__steiner_focus_1,dist_orthocenter__steiner_focus_2,0.012354306113780869,0.1281778933908458,0.025399001244498707,4.560163061614547,0.09638406270346138
area,dist_centroid__steiner_focus_1,dist_circumcenter__orthocenter,0.01402850909539092,0.14430389714107608,0.032418950237375115,4.018494957171484,0.09721503974127742
circumradius,dist_circumcenter__incenter,dist_orthocenter__steiner_focus_2,0.010926071579771053,0.11145837218459792,0.00459820058589144,21.863400416521188,0.09802827159251203
dist_centroid__orthocenter,dist_incenter__steiner_focus_2,inradius,0.023664927201603212,0.24116940916160334,0.06868668463650843,3.166617854843905,0.09812574191673606
dist_centroid__circumcenter,dist_incenter__orthocenter,dist_steiner_focus_1__steiner_focus_2,0.009913315086856866,0.10087339818365389,0.02176934153854622,4.178357114556596,0.09827482037244659
area,dist_circumcenter__orthocenter,dist_orthocenter__steiner_focus_1,0.015399232651492385,0.15641787701423765,0.061414020275994505,2.296196271291274,0.09844931375772795
dist_centroid__steiner_focus_2,dist_circumcenter__incenter,dist_steiner_focus_1__steiner_focus_2,0.016462028987646746,0.1664314510348983,0.04109899816471229,3.6489799932888802,0.09891176748915621
dist_centroid__orthocenter,dist_centroid__steiner_focus_2,dist_orthocenter__steiner_focus_2,0.01586313062821774,0.16020089528499848,0.08917484754297307,1.618592782984292,0.09902023705920697
dist_centroid__incenter,dist_incenter__orthocenter,dist_orthocenter__steiner_focus_1,0.007735962652832745,0.07804936777762168,0.021413013654526462,3.2836762848617296,0.0991162756740587
dist_centroid__orthocenter,dist_circumcenter__steiner_focus_1,dist_orthocenter__steiner_focus_1,0.018520196108749033,0.18678188657267,0.08880904294413063,1.89464591539145,0.09915413345792233
dist_incenter__orthocenter,dist_incenter__steiner_focus_2,inradius,0.024580220526162967,0.2475874781706652,0.10408115740533166,2.1426285333859907,0.09927893247177673
circumradius,dist_centroid__circumcenter,dist_incenter__orthocenter,0.013426224426368948,0.13504926279484103,0.09814117431844908,1.2392661817335595,0.09941723596644349
circumradius,dist_circumcenter__orthocenter,dist_incenter__steiner_focus_2,0.01592775718920487,0.15993097420215957,0.07543360334934654,1.9090062070354772,0.09959144730195607
dist_centroid__incenter,dist_orthocenter__steiner_focus_1,inradius,0.020809965815084014,0.20874269689916494,0.10295348971294757,1.8254138991118263,0.09969194670861446
area,dist_centroid__orthocenter,dist_incenter__orthocenter,0.01538684883638962,0.15316899119594182,0.10936960006654133,1.2597846410311864,0.10045668327674728
dist_centroid__incenter,dist_circumcenter__steiner_focus_1,dist_orthocenter__steiner_focus_1,0.013024410256771889,0.1294665249998687,0.026444414088234468,4.403278301216123,0.10060060125028535
circumradius,dist_centroid__circumcenter,dist_centroid__steiner_focus_1,0.010837813476331016,0.10717828524602692,0.009325153812544843,10.331247473912121,0.10111948937653649
area,dist_incenter__orthocenter,inradius,0.02120719857978261,0.20946059015267238,0.12766078310190812,1.4746376059953525,0.10124672409413643
dist_centroid__incenter,dist_centroid__orthocenter,dist_circumcenter__steiner_focus_1,0.007912349947789004,0.0774167608598924,0.013907045197508978,4.997784211167516,0.10220461124831415
area,circumradius,inradius,0.013835078063929742,0.13523415772875735,0.0014917268843660698,81.38157255000324,0.10230461220958033
dist_centroid__circumcenter,dist_incenter__steiner_focus_2,inradius,0.025717715345949185,0.2510133775375963,0.12289286390575335,1.833268873646126,0.10245555674456927
dist_circumcenter__incenter,dist_incenter__steiner_focus_2,inradius,0.0251866936475129,0.2402162480015715,0.1501266078933699,1.4323214077199902,0.10485008344376492
area,dist_centroid__incenter,dist_circumcenter__orthocenter,0.02776429168212962,0.26388934112058277,0.1443553325102181,1.6357210040837196,0.10521187238647461
dist_incenter__orthocenter,dist_steiner_focus_1__steiner_focus_2,perimeter,0.01413154364925071,0.133900557251898,0.016998599503158428,7.045816543909608,0.10553760148037322
dist_circumcenter__incenter,dist_circumcenter__orthocenter,dist_orthocenter__steiner_focus_1,0.03501652244506564,0.32873078360179014,0.14075114549804774,2.086762847417099,0.10652036314153984
area,dist_incenter__orthocenter,dist_orthocenter__steiner_focus_2,0.009058113329655414,0.0848992613740583,0.020262749053702844,3.7428854220816388,0.10669248687272087
dist_centroid__orthocenter,dist_orthocenter__steiner_focus_1,dist_steiner_focus_1__steiner_focus_2,0.022137141648754938,0.20704742746514473,0.0861551407426128,2.1462478526824826,0.10691821637089212
dist_centroid__steiner_focus_2,dist_orthocenter__steiner_focus_2,inradius,0.021229418254437207,0.19643783459631237,0.0777649674693124,2.2530507250712333,0.10807194193554676
dist_circumcenter__steiner_focus_2,dist_incenter__steiner_focus_1,dist_orthocenter__steiner_focus_2,0.009632236098992058,0.08813003252554642,0.009730080366671535,8.067538341762626,0.10929572840223273
dist_incenter__steiner_focus_2,dist_orthocenter__steiner_focus_2,inradius,0.02820681757479649,0.2573481321468866,0.13895166155874403,1.6490721449575254,0.10960568215314219
dist_circumcenter__steiner_focus_1,dist_incenter__orthocenter,dist_incenter__steiner_focus_1,0.01424066591255737,0.12992265536721995,0.012952918231943543,8.93095960178117,0.10960879665141413
area,dist_circumcenter__incenter,dist_steiner_focus_1__steiner_focus_2,0.033503403252361674,0.3034435843419003,0.10334975857514898,2.611909159838591,0.1104106495611792
area,circumradius,dist_circumcenter__steiner_focus_2,0.021495194522475416,0.19389842664746074,0.10662714086910724,1.6168794428861515,0.11085801413725352
dist_centroid__circumcenter,dist_circumcenter__orthocenter,dist_steiner_focus_1__steiner_focus_2,0.021385305282753668,0.19138537389276036,0.134851362205108,1.2606477667718161,0.11173949632502518
dist_centroid__orthocenter,dist_centroid__steiner_focus_1,dist_centroid__steiner_focus_2,0.014145112385164098,0.12542517258618063,0.023170374968214988,4.80268706715666,0.11277730054901762
dist_incenter__orthocenter,dist_orthocenter__steiner_focus_2,inradius,0.012835239961954958,0.11364555148511553,0.025790221801906876,3.908857872471142,0.11294098004034962
circumradius,dist_centroid__circumcenter,dist_incenter__steiner_focus_1,0.013810221377828115,0.12086561331537914,0.01710464337592883,6.258849692721969,0.11426096305648648
dist_circumcenter__incenter,dist_incenter__steiner_focus_1,dist_orthocenter__steiner_focus_2,0.012539232776250797,0.10973788789352483,0.018154258510271956,5.354041590973135,0.1142653008632462
dist_centroid__circumcenter,dist_centroid__steiner_focus_2,inradius,0.01573473976325826,0.13690613168490495,0.021636070721086788,5.600434269405097,0.11493086226022663
dist_centroid__circumcenter,dist_circumcenter__steiner_focus_2,semiperimeter,0.011688168347582305,0.10132310437126961,0.014104368991098489,6.3551184799729405,0.11535541099051157
area,dist_circumcenter__steiner_focus_2,dist_incenter__steiner_focus_2,0.023800557039884304,0.206100174115482,0.11453703302286204,1.5916216114940747,0.1154805285440874
dist_circumcenter__steiner_focus_1,perimeter,semiperimeter,0.01671823761897797,0.14382258808725917,0.043406228772968965,2.9282514067988985,0.1162420857621807
dist_circumcenter__incenter,dist_circumcenter__steiner_focus_2,semiperimeter,0.012326004557775362,0.10569354197283252,0.0402461311372256,2.3199133625218695,0.11662022416604828
dist_circumcenter__incenter,dist_orthocenter__steiner_focus_2,inradius,0.016139303145505764,0.13733836415486855,0.028416656079748803,4.265071184633,0.11751489283290431
dist_centroid__circumcenter,dist_centroid__steiner_focus_1,dist_circumcenter__steiner_focus_2,0.010079332983147678,0.08576002595884641,0.013172251143447977,5.745463865782968,0.11752950014246076
dist_centroid__orthocenter,dist_centroid__steiner_focus_2,dist_incenter__orthocenter,0.013331149802681333,0.11051127550547198,0.031095432466849406,3.1252218732250663,0.12063158027726538
dist_circumcenter__steiner_focus_2,dist_orthocenter__steiner_focus_1,dist_steiner_focus_1__steiner_focus_2,0.01617483657268345,0.13383703340468833,0.04778308671147661,2.4624235253463564,0.12085471532961252
dist_centroid__circumcenter,dist_centroid__orthocenter,dist_incenter__steiner_focus_1,0.013688375080120944,0.11310558794575105,0.017664139250179067,5.628194584382157,0.12102297798660763
area,dist_centroid__orthocenter,inradius,0.0263189940719365,0.21508164512785233,0.10329731433436685,1.8273723017125412,0.12236745751266472
area,circumradius,dist_orthocenter__steiner_focus_1,0.03943570775642776,0.31991031799963043,0.15637723309841808,1.7935770104506343,0.12327113424479581
dist_centroid__orthocenter,dist_centroid__steiner_focus_2,inradius,0.02164947895278087,0.17482389200571272,0.07119041505791358,2.1516156764688628,0.12383592828418116
circumradius,dist_centroid__incenter,dist_orthocenter__steiner_focus_1,0.015587892394444367,0.12584953403238822,0.049507322106030184,2.2271784646682304,0.12386134374111166
area,dist_centroid__circumcenter,dist_orthocenter__steiner_focus_2,0.01246766638791942,0.0999776749119372,0.007552577529226795,11.58677394377926,0.12470450426959066
dist_circumcenter__incenter,dist_steiner_focus_1__steiner_focus_2,inradius,0.02113215130786945,0.16931177348738732,0.10071151663275375,1.4713274820382,0.12481206045274616
area,dist_circumcenter__steiner_focus_2,dist_orthocenter__steiner_focus_2,0.01524102978355807,0.12196698059224324,0.036893571368826324,2.8928061678210035,0.12496029424973203
dist_centroid__circumcenter,dist_centroid__incenter,dist_incenter__orthocenter,0.013553353273760302,0.10829453668918763,0.019859607594787842,4.77054659631302,0.12515269641588023
dist_centroid__steiner_focus_1,dist_circumcenter__orthocenter,dist_circumcenter__steiner_focus_2,0.013664138090256923,0.10904636757303869,0.03455761210943859,2.7600931794917156,0.12530576115802072
dist_centroid__orthocenter,inradius,semiperimeter,0.03490934109667794,0.27672922627415175,0.11092299766414704,2.1800698707192963,0.12614981643497875
circumradius,dist_incenter__steiner_focus_1,dist_orthocenter__steiner_focus_1,0.011297937296834532,0.08941538995302396,0.008809504004400337,8.867406452981898,0.12635338617625125
dist_orthocenter__steiner_focus_2,inradius,semiperimeter,0.028763433161594396,0.22693077795567662,0.07815247610109291,2.535650240150369,0.12674981076040895
dist_orthocenter__steiner_focus_2,dist_steiner_focus_1__steiner_focus_2,perimeter,0.07174163252400328,0.5655583866617018,0.28710410838498907,1.7199919461811406,0.12685097456952177
dist_circumcenter__incenter,dist_circumcenter__steiner_focus_2,perimeter,0.01487355741415145,0.11674827729715502,0.025286493139427824,4.028819627983763,0.12739851720719048
area,dist_circumcenter__steiner_focus_2,dist_incenter__steiner_focus_1,0.026279293455381006,0.2043585442250789,0.1102075512381823,1.615853439886621,0.12859405294273968
dist_circumcenter__incenter,dist_circumcenter__orthocenter,dist_steiner_focus_1__steiner_focus_2,0.04100009792299734,0.3187401111006201,0.13907054078870343,1.997116079383099,0.128631748860922
dist_centroid__orthocenter,dist_circumcenter__incenter,dist_orthocenter__steiner_focus_1,0.02103939741324353,0.16322084558362723,0.08057617659826259,1.7645593793718113,0.12890141169170616
dist_centroid__steiner_focus_1,dist_circumcenter__incenter,dist_orthocenter__steiner_focus_2,0.01979252189697683,0.15274787915758178,0.0545792267284329,2.4360066133245932,0.12957641052782112
area,dist_centroid__steiner_focus_1,dist_circumcenter__steiner_focus_2,0.015887653636428443,0.12201904533294684,0.033659668373131994,3.1530730047606528,0.13020634273179774
circumradius,dist_centroid__steiner_focus_1,dist_circumcenter__incenter,0.032468297760274926,0.2492365060318756,0.1271362419739291,1.705007202557173,0.1302710356408321
dist_circumcenter__incenter,dist_incenter__orthocenter,perimeter,0.024623649681105687,0.18876718987441668,0.018909978495844137,8.68026054230495,0.1304445422824133
dist_centroid__incenter,dist_centroid__steiner_focus_1,semiperimeter,0.04293687151963391,0.32874208491654694,0.01717958837452654,16.636324873807673,0.13060959788745538
dist_centroid__orthocenter,dist_centroid__steiner_focus_1,dist_steiner_focus_1__steiner_focus_2,0.02292029012179928,0.1754400270557185,0.04230816921987949,3.6049713269619392,0.1306445883898545
dist_circumcenter__incenter,dist_incenter__steiner_focus_1,dist_orthocenter__steiner_focus_1,0.02857842700123815,0.21781896203266546,0.12055092479323254,1.569797455772408,0.13120265900887157
area,dist_centroid__steiner_focus_1,inradius,0.037643910089164144,0.28688623983102485,0.0484857067988682,5.140532049492135,0.13121546056491346
dist_centroid__orthocenter,dist_circumcenter__steiner_focus_1,dist_incenter__steiner_focus_2,0.016377424827625626,0.12479749434760135,0.026799612102507923,4.0455835370031235,0.13123200039585095
dist_centroid__circumcenter,dist_centroid__steiner_focus_1,inradius,0.015929355457759357,0.12128151790002574,0.013277757594195071,7.934484546421115,0.13134198626117274
dist_circumcenter__incenter,dist_steiner_focus_1__steiner_focus_2,perimeter,0.03054843546561669,0.23104432030291755,0.14968621533991364,1.3394412062727787,0.1322189414808607
dist_centroid__circumcenter,dist_orthocenter__steiner_focus_2,semiperimeter,0.014836247780062272,0.11187203328926561,0.009902991043902933,9.79863407722117,0.13261802207259824
dist_centroid__steiner_focus_2,dist_circumcenter__orthocenter,dist_circumcenter__steiner_focus_2,0.010383090106899352,0.07811864545414088,0.03155117704771127,2.1468471760914882,0.13291436438173634
dist_centroid__steiner_focus_2,dist_circumcenter__incenter,inradius,0.024713376976001542,0.18564286036236685,0.11059426058347506,1.455134132072775,0.13312322880482502
dist_centroid__circumcenter,dist_circumcenter__steiner_focus_1,dist_orthocenter__steiner_focus_1,0.011018779376232296,0.08237342700894053,0.02111307417968468,3.379642728739463,0.1337661886403774
area,dist_centroid__steiner_focus_2,dist_orthocenter__steiner_focus_1,0.021237708533576316,0.15863841377249863,0.0865752706360608,1.5870664247359734,0.13387494257244056
dist_centroid__incenter,dist_steiner_focus_1__steiner_focus_2,perimeter,0.04885981149829231,0.36101714582055444,0.005878316334583553,53.10318746981431,0.13533931023480628
dist_circumcenter__steiner_focus_2,inradius,semiperimeter,0.03955366063631147,0.2888812814251832,0.26987896046200505,0.9238497894094763,0.1369201231771585
dist_circumcenter__steiner_focus_1,dist_incenter__steiner_focus_1,inradius,0.03546310083368819,0.2572976026793455,0.17283757551480933,1.2834853832270388,0.13782911486308608
dist_circumcenter__orthocenter,dist_incenter__orthocenter,dist_incenter__steiner_focus_2,0.022459527801327525,0.16282274840385488,0.04438386463420043,3.1624830726067303,0.13793851302411617
dist_centroid__circumcenter,dist_centroid__steiner_focus_1,dist_circumcenter__orthocenter,0.014845176265886259,0.10672807570187741,0.0420288784973142,2.186184897649905,0.13909345004357765
area,dist_incenter__steiner_focus_2,dist_orthocenter__steiner_focus_1,0.019155009063593288,0.13698308212125884,0.053405646855825294,2.206284915446414,0.13983485235524978
area,dist_centroid__steiner_focus_1,dist_orthocenter__steiner_focus_1,0.041062441905408316,0.2930264103307169,0.13674072700334536,1.8426402575667475,0.14013222173067683
area,dist_centroid__steiner_focus_2,dist_circumcenter__incenter,0.018259039937549612,0.13001403556246324,0.020012104813495406,5.584369893443207,0.14043899074863603
dist_incenter__orthocenter,dist_orthocenter__steiner_focus_1,dist_orthocenter__steiner_focus_2,0.009635599065581335,0.06858564560470372,0.022871269931456956,2.577471505333553,0.14049002499905766
dist_centroid__steiner_focus_2,dist_orthocenter__steiner_focus_1,dist_steiner_focus_1__steiner_focus_2,0.02730215824672275,0.19420585103746443,0.03949746392702779,4.225681251310185,0.1405836029186158
area,dist_orthocenter__steiner_focus_2,perimeter,0.04004270571052468,0.2830781693023316,0.05334556682838968,4.55586992586734,0.14145458764698485
area,circumradius,dist_centroid__orthocenter,0.01947124426958133,0.13746631570965437,0.04131302384165574,2.856122851048708,0.14164374864535523
dist_centroid__steiner_focus_2,dist_circumcenter__steiner_focus_1,dist_circumcenter__steiner_focus_2,0.03529821843079411,0.24876626060658755,0.08999227768703501,2.3720706671984515,0.14189311020201661
dist_centroid__steiner_focus_2,dist_orthocenter__steiner_focus_2,dist_steiner_focus_1__steiner_focus_2,0.017127056194107728,0.12060494564804541,0.01563109578149689,6.6200022634643645,0.14200956770121723
dist_circumcenter__incenter,dist_orthocenter__steiner_focus_1,dist_orthocenter__steiner_focus_2,0.024056501773704306,0.1690538217548568,0.09780146718334133,1.4825679425579221,0.1423008455176387
dist_circumcenter__steiner_focus_2,dist_incenter__orthocenter,dist_incenter__steiner_focus_1,0.011605212404642342,0.08135208415773547,0.0093092060895774,7.4922470382497846,0.1426541498573131
dist_circumcenter__steiner_focus_1,dist_circumcenter__steiner_focus_2,dist_steiner_focus_1__steiner_focus_2,0.015955349446732013,0.11177909877119852,0.023477503594177326,4.081513562124715,0.14274000794541328
dist_centroid__circumcenter,dist_circumcenter__steiner_focus_1,perimeter,0.01606647671752871,0.11219187944760466,0.030789689178090187,3.1219997764212044,0.14320534424269096
dist_centroid__orthocenter,dist_incenter__orthocenter,inradius,0.022263282623236697,0.15368196136799162,0.007366917661743377,17.8390318419352,0.14486594539177727
area,dist_orthocenter__steiner_focus_2,inradius,0.018236953844819846,0.12507104667065852,0.006789296643075218,15.735664302546672,0.14581275467248656
area,dist_centroid__orthocenter,dist_circumcenter__steiner_focus_2,0.017953530048128784,0.12312713725673469,0.011484526491586948,9.157853158826478,0.1458129413883273
dist_centroid__orthocenter,dist_circumcenter__steiner_focus_1,dist_incenter__steiner_focus_1,0.010926925919547727,0.07366627244591155,0.01097270922904238,5.717762606914469,0.1483301049007288
area,dist_incenter__orthocenter,perimeter,0.02757454441478262,0.18500923317945403,0.09784314606206246,1.6090517844224845,0.14904415277499175
area,dist_centroid__steiner_focus_2,dist_circumcenter__orthocenter,0.027657882869817425,0.1848156652629582,0.07106821521808777,2.2113652623872575,0.14965118260113622
dist_centroid__incenter,dist_circumcenter__steiner_focus_1,dist_incenter__orthocenter,0.015101630020233698,0.10087894344001676,0.01775592016867117,4.830913442105351,0.1497005173256322
area,circumradius,dist_centroid__steiner_focus_2,0.03234618689068703,0.2136650478180464,0.1267767753250018,1.4302214302464693,0.1513873570853409
dist_incenter__orthocenter,dist_orthocenter__steiner_focus_1,semiperimeter,0.019128919931969798,0.12583746600928913,0.06833869353236131,1.5614659947631022,0.15201291426638971
area,dist_circumcenter__steiner_focus_1,dist_incenter__orthocenter,0.01692989509074553,0.1104888670209511,0.028798973857939347,3.248691164890692,0.1532271580586961
dist_circumcenter__incenter,dist_circumcenter__orthocenter,inradius,0.03715233041821629,0.2416609714505663,0.02827815671566314,7.232035775481562,0.15373740407981476
dist_centroid__steiner_focus_1,dist_circumcenter__steiner_focus_1,inradius,0.018257635791577465,0.11845340389764651,0.03888031035645777,2.5770310778763417,0.15413348363845722
dist_circumcenter__orthocenter,dist_incenter__steiner_focus_1,inradius,0.021273475283979815,0.13794872726535518,0.06610327998866114,1.7650448207923868,0.15421291450597163
circumradius,dist_circumcenter__steiner_focus_2,dist_incenter__steiner_focus_2,0.020013045550346432,0.12901856476934725,0.07623267822359416,1.42990541273235,0.15511756456231493
dist_circumcenter__steiner_focus_2,dist_incenter__orthocenter,dist_orthocenter__steiner_focus_1,0.017019544167246086,0.10954777724796472,0.020394688027860368,4.536879061563457,0.15536183932533684
dist_circumcenter__orthocenter,dist_incenter__orthocenter,inradius,0.01946222439135123,0.12479473834554207,0.07244078186483015,1.4540499321326288,0.15595388595200704
dist_circumcenter__orthocenter,dist_orthocenter__steiner_focus_2,perimeter,0.01893995962570271,0.12142884647397752,0.013328316786092897,7.689559641560614,0.15597578479642057
area,dist_centroid__orthocenter,dist_steiner_focus_1__steiner_focus_2,0.04584688617871608,0.2938511044647815,0.16466298464322784,1.506132169433291,0.15602080605489402
area,dist_centroid__circumcenter,dist_circumcenter__incenter,0.02121518423838978,0.1357159911170328,0.06392327676284408,1.791222425962956,0.15632044583526758
dist_centroid__orthocenter,dist_centroid__steiner_focus_1,inradius,0.019579456346195543,0.12490600098427414,0.020658914766254883,5.098358061388747,0.1567535281884545
dist_centroid__incenter,dist_circumcenter__incenter,dist_circumcenter__orthocenter,0.011607379813598702,0.07402276972425957,0.021746116205640386,2.870185614775291,0.15680823423437237
dist_circumcenter__steiner_focus_1,dist_incenter__steiner_focus_2,dist_orthocenter__steiner_focus_2,0.018955785028575988,0.12050664747178386,0.015359831923130342,6.611456619540387,0.1573007417123143
dist_incenter__orthocenter,perimeter,semiperimeter,0.021281216094585505,0.13469884987031533,0.03271085975094049,3.4672776759549673,0.15799107501715512
circumradius,dist_centroid__incenter,dist_circumcenter__steiner_focus_1,0.012212384145410572,0.07717213151250708,0.011536494078939159,5.630804898143708,0.15824863076940338
circumradius,dist_circumcenter__incenter,dist_incenter__steiner_focus_1,0.01627495707808179,0.10236192127123246,0.034320932047318765,2.508293308423598,0.1589942517291893
dist_centroid__orthocenter,dist_orthocenter__steiner_focus_1,semiperimeter,0.03748709747754765,0.23556593055254552,0.0885337157490972,2.237326552929839,0.15913632922051837
area,dist_circumcenter__orthocenter,dist_incenter__steiner_focus_2,0.03185179499246504,0.19818405882583132,0.14478268471433448,1.1488408587086951,0.16071824939490784
area,dist_orthocenter__steiner_focus_2,semiperimeter,0.05176769393065875,0.32123742616464773,0.12025103345924311,2.2408932753606714,0.1611508800475995
dist_circumcenter__orthocenter,dist_orthocenter__steiner_focus_1,inradius,0.019745894583561525,0.1221559567753797,0.01640352265947641,6.243174976361268,0.1616449586643594
dist_circumcenter__incenter,inradius,semiperimeter,0.032907138086263124,0.20297722267748627,0.11885308927304448,1.4309269168470364,0.1621223192049967
dist_centroid__orthocenter,dist_circumcenter__incenter,perimeter,0.03482286669829105,0.21407134477186007,0.10706347608134335,1.674226212657077,0.16266944431727864
dist_centroid__orthocenter,dist_circumcenter__steiner_focus_2,dist_orthocenter__steiner_focus_2,0.018690454722958858,0.11482215686181126,0.060753755857005834,1.5823170235781718,0.16277742235283793
dist_centroid__circumcenter,dist_incenter__orthocenter,semiperimeter,0.019106808218231946,0.1170859989101824,0.03301872210217961,2.9673828801957995,0.1631861059057021
dist_centroid__steiner_focus_1,dist_circumcenter__incenter,dist_steiner_focus_1__steiner_focus_2,0.028611562365344595,0.17477530822989418,0.07277521584590224,2.00842751430712,0.16370483139248598
dist_circumcenter__incenter,dist_circumcenter__steiner_focus_2,dist_incenter__steiner_focus_1,0.03025645756699,0.1844339485052059,0.13000074179391416,1.1859739322305431,0.1640503704020411
circumradius,dist_centroid__steiner_focus_1,dist_orthocenter__steiner_focus_1,0.03508939256820441,0.21385539458624336,0.17271543186986898,1.035032018173852,0.1640799973088993
dist_orthocenter__steiner_focus_1,dist_steiner_focus_1__steiner_focus_2,inradius,0.017685856583319923,0.10749117224016824,0.00702110301055038,12.790770270981758,0.16453310736815016
dist_circumcenter__steiner_focus_1,dist_steiner_focus_1__steiner_focus_2,perimeter,0.06959988227859597,0.4219846659280328,0.15837835812456352,2.2249554031384045,0.16493462416585974
dist_circumcenter__orthocenter,dist_circumcenter__steiner_focus_2,dist_incenter__steiner_focus_1,0.02327991560360999,0.1396392056078145,0.039947141439765146,2.9128314520241325,0.16671475251007298
area,dist_incenter__orthocenter,dist_incenter__steiner_focus_1,0.025427878891796818,0.15150296450233028,0.017897305506081505,7.0443612625203915,0.1678375005751502
circumradius,dist_centroid__orthocenter,inradius,0.012312390866560306,0.07305330160393331,0.030985323142911792,1.9603123213277867,0.1685398277180314
dist_centroid__incenter,dist_centroid__steiner_focus_2,semiperimeter,0.04951233356163159,0.29210263554762766,0.04583233486712444,5.2929946224495374,0.16950320721621337
dist_centroid__steiner_focus_1,dist_centroid__steiner_focus_2,dist_incenter__orthocenter,0.022773149576758113,0.13390926516763235,0.029063871943881173,3.823857874321242,0.17006403215079913
dist_centroid__incenter,dist_circumcenter__steiner_focus_2,dist_orthocenter__steiner_focus_2,0.02558561367931121,0.15022078464944208,0.040923486495066705,3.0455658020524607,0.17032006415768802
dist_centroid__steiner_focus_2,dist_circumcenter__orthocenter,semiperimeter,0.055876404637507406,0.3278308549152824,0.15325718535205474,1.7744972260390586,0.17044278718654138
area,circumradius,dist_centroid__steiner_focus_1,0.02485384753107111,0.14541650284518648,0.03155542439576854,3.8206634080409434,0.17091490336231677
dist_centroid__steiner_focus_1,dist_circumcenter__steiner_focus_2,inradius,0.020450303484500637,0.11889773988442975,0.017048030605241838,5.77471021020217,0.1719990935435662
dist_centroid__orthocenter,dist_circumcenter__orthocenter,dist_incenter__steiner_focus_1,0.020151497429462338,0.11712872936816349,0.030767555361532455,3.1519316630514043,0.17204572727943956
circumradius,dist_centroid__steiner_focus_2,perimeter,0.024176003803037853,0.1398199819723515,0.05481955465555378,2.1095388113956104,0.17290807409643713
area,dist_centroid__incenter,dist_centroid__orthocenter,0.048167677318941456,0.27832860872820603,0.0806640425681758,2.853327506053725,0.17306046093873967
dist_circumcenter__incenter,dist_circumcenter__steiner_focus_2,dist_orthocenter__steiner_focus_1,0.05093939131755956,0.2937852474155941,0.09342296911599732,2.5994234436769865,0.17338988858586132
area,dist_orthocenter__steiner_focus_1,perimeter,0.038582049651034074,0.2216101596012634,0.069547950138674,2.631682308181383,0.17409874042080747
circumradius,dist_centroid__steiner_focus_1,dist_circumcenter__steiner_focus_1,0.044765005233515974,0.2555649235856055,0.20802714869649802,1.0133288836239198,0.1751609908177451
dist_centroid__incenter,dist_circumcenter__orthocenter,dist_orthocenter__steiner_focus_2,0.02963344646157093,0.16902710507497884,0.1219300842395016,1.1432261322776045,0.17531771870804871
dist_centroid__incenter,dist_centroid__steiner_focus_1,perimeter,0.0607305887166165,0.34589235289788545,0.029971607580093356,9.51439669758217,0.17557655787361515
dist_centroid__orthocenter,dist_centroid__steiner_focus_1,dist_circumcenter__steiner_focus_2,0.02992687739995396,0.1702879323976083,0.15023402975122505,0.9342827003314794,0.1757427962075267
circumradius,dist_circumcenter__steiner_focus_1,perimeter,0.02394693470712133,0.1361826994388078,0.019102616547065868,5.875413164220465,0.17584417701957522
circumradius,dist_centroid__steiner_focus_2,dist_incenter__orthocenter,0.01562955354633556,0.08869842660422095,0.01052939724916457,6.939511477134444,0.17621004277872712
dist_centroid__circumcenter,dist_centroid__incenter,inradius,0.0298292919016558,0.1678148611007463,0.023892511046866082,5.775264430282212,0.17775119382155327
dist_centroid__incenter,dist_circumcenter__steiner_focus_1,inradius,0.03355270927043584,0.18820994343516903,0.11575040983486554,1.336126881843216,0.17827277697468433
dist_circumcenter__orthocenter,dist_steiner_focus_1__steiner_focus_2,inradius,0.022177318590216332,0.12324294866057899,0.042660586149751004,2.369063324999639,0.17994797131391635
circumradius,dist_circumcenter__steiner_focus_1,dist_incenter__steiner_focus_1,0.028832120166379552,0.16014198282229652,0.04383213778131908,2.995743974684261,0.18004098399589233
dist_incenter__orthocenter,dist_incenter__steiner_focus_2,dist_orthocenter__steiner_focus_1,0.044185713279744736,0.24534844230731048,0.14707364007426607,1.3677687512594843,0.18009371840396707
dist_centroid__orthocenter,dist_circumcenter__steiner_focus_1,semiperimeter,0.03632865819144564,0.20116688306015193,0.11112841649522479,1.4833130001073078,0.18058965590565332
area,dist_circumcenter__steiner_focus_1,dist_incenter__steiner_focus_1,0.02382687862450731,0.13108702129939678,0.041545382462698816,2.581758460671102,0.1817638267184957
circumradius,dist_centroid__orthocenter,dist_incenter__orthocenter,0.018427680109320162,0.10077683048105839,0.031910493819841346,2.5806291446525678,0.182856317482457
dist_centroid__circumcenter,dist_circumcenter__steiner_focus_1,dist_incenter__steiner_focus_1,0.03307491994774683,0.17949789232805222,0.09307053930507894,1.573247275384757,0.1842635560717268
area,dist_centroid__incenter,semiperimeter,0.05998895226466151,0.3242031697629667,0.007826918884130028,33.75711712485352,0.1850350578266122
area,dist_centroid__circumcenter,inradius,0.01900528471508679,0.10264342886473682,0.0058258111317754475,14.356480541132965,0.18515831870866173
circumradius,dist_centroid__steiner_focus_2,dist_orthocenter__steiner_focus_1,0.029362648319404765,0.15794591416093653,0.01655262647550387,7.768148821084155,0.18590318385498816
circumradius,inradius,semiperimeter,0.048759764058940606,0.2618436340710639,0.14645595378056822,1.45493484226242,0.1862171071369537
dist_centroid__circumcenter,dist_circumcenter__steiner_focus_1,dist_steiner_focus_1__steiner_focus_2,0.025194519004203046,0.13478392597959096,0.02714494818691887,4.03719344832638,0.18692524958812975
dist_circumcenter__steiner_focus_2,dist_incenter__steiner_focus_2,inradius,0.02994666339312301,0.1601408596211837,0.03555310381579897,3.661964280322705,0.1870020147510287
dist_circumcenter__incenter,dist_incenter__orthocenter,dist_incenter__steiner_focus_1,0.01282030928332364,0.06842167735812449,0.019179203549418145,2.899044683035739,0.18737204024129844
dist_centroid__orthocenter,dist_circumcenter__orthocenter,dist_incenter__steiner_focus_2,0.024847503882242106,0.12967128501499103,0.07425553728420274,1.4116628195894736,0.19161916903475998
dist_centroid__steiner_focus_2,dist_circumcenter__steiner_focus_2,dist_incenter__orthocenter,0.030029846323924823,0.15575367167710838,0.12861223565235017,0.9775417145614805,0.19280345689814263
dist_centroid__steiner_focus_1,dist_circumcenter__orthocenter,dist_orthocenter__steiner_focus_1,0.025701613079608908,0.13163697677334243,0.0056353518648036924,18.798358334173653,0.19524615126844583
circumradius,dist_circumcenter__incenter,inradius,0.01700371220728771,0.0870510055508305,0.021166810494716314,3.3092984585952654,0.19533045137955315
dist_centroid__incenter,dist_steiner_focus_1__steiner_focus_2,semiperimeter,0.05516188310280073,0.2817706390093309,0.09091554272741523,2.492519420864626,0.19576874047893267
circumradius,dist_centroid__circumcenter,dist_incenter__steiner_focus_2,0.02412860709639267,0.12307287680346897,0.060176125062785885,1.6442446170111642,0.19605137803776904
dist_centroid__steiner_focus_2,dist_circumcenter__incenter,perimeter,0.02782522008333898,0.14180620536658184,0.03209527996386636,3.551331703962869,0.19622004559961445
dist_circumcenter__steiner_focus_2,dist_orthocenter__steiner_focus_2,dist_steiner_focus_1__steiner_focus_2,0.017212068673065524,0.08761450944248016,0.025049311746859027,2.8105538978827433,0.19645226324488443
circumradius,dist_orthocenter__steiner_focus_1,perimeter,0.016571624358421983,0.08347626527355462,0.01428617677580957,4.683173249572315,0.19851899583811272
dist_circumcenter__steiner_focus_1,dist_incenter__orthocenter,inradius,0.015830123898625835,0.07971965114920662,0.02710733752733801,2.35690898031382,0.19857241809798584
dist_centroid__incenter,dist_incenter__orthocenter,inradius,0.04603648235609272,0.2318076902419358,0.09279964557029462,2.0018525582096496,0.19859773551103857
area,dist_circumcenter__incenter,perimeter,0.0543045527952932,0.2730462152159768,0.13452083573758766,1.6260801623875358,0.19888410741140963
dist_centroid__steiner_focus_2,dist_circumcenter__orthocenter,inradius,0.024061601772319734,0.12077700300591153,0.056316125608233784,1.7173660330683573,0.19922337177999044
area,dist_incenter__orthocenter,semiperimeter,0.049185947237011536,0.24619678982606283,0.12041819759691853,1.6360554012651387,0.19978305676431132
area,dist_centroid__circumcenter,dist_incenter__steiner_focus_1,0.028064032815172398,0.140222373893111,0.024244563908804792,4.6261232620978,0.20013947871518067
dist_centroid__circumcenter,dist_incenter__steiner_focus_1,inradius,0.02916792474574255,0.14544756362127811,0.06981280052588018,1.6655919544787456,0.20053910852498774
dist_centroid__circumcenter,dist_circumcenter__steiner_focus_1,inradius,0.035028885406608645,0.17421891467016226,0.023495459792276706,5.92412451146444,0.20106247058723006
circumradius,dist_circumcenter__steiner_focus_1,dist_steiner_focus_1__steiner_focus_2,0.01989598206580985,0.0986852592766035,0.019560923022446018,4.02789158366318,0.20161047568455676
area,dist_centroid__circumcenter,dist_centroid__steiner_focus_1,0.041289988251540934,0.20467363349815507,0.11204862964048336,1.4581494282513148,0.2017357465435973
dist_centroid__steiner_focus_1,dist_circumcenter__orthocenter,dist_orthocenter__steiner_focus_2,0.011210050720117425,0.05526454083803728,0.022129354591395128,1.9907715760969455,0.2028434607458425
dist_centroid__incenter,dist_circumcenter__incenter,dist_circumcenter__steiner_focus_1,0.033146169675553394,0.1623076002495953,0.08299513513021492,1.5562530306311877,0.20421822283479937
area,dist_circumcenter__orthocenter,inradius,0.026590285271221155,0.1297118817673425,0.00968847407270007,10.643739738819624,0.2049949851079547
dist_orthocenter__steiner_focus_1,inradius,semiperimeter,0.022933200195027956,0.11148588180837098,0.012807803845207903,6.9139629778508365,0.2057049719931982
dist_incenter__orthocenter,dist_incenter__steiner_focus_1,perimeter,0.08853658762537717,0.42947291509417357,0.18903949720098295,1.8035190133113814,0.206151737429037
dist_incenter__steiner_focus_1,dist_orthocenter__steiner_focus_2,perimeter,0.06395641981921103,0.3100539724366211,0.26402324081940415,0.9321056428731003,0.2062751182208592
dist_centroid__steiner_focus_2,dist_circumcenter__steiner_focus_2,dist_orthocenter__steiner_focus_1,0.0489717033393322,0.23564178881004327,0.14711953329032654,1.2688327735674314,0.2078226599222157
area,dist_centroid__orthocenter,perimeter,0.04377080475329391,0.2065704308475058,0.08992090963436324,1.8104757475896138,0.2118928859939608
dist_incenter__orthocenter,dist_incenter__steiner_focus_1,inradius,0.023780858867553777,0.11156860574085847,0.04679364164491801,1.87606144312213,0.21315009459551568
dist_incenter__steiner_focus_1,dist_incenter__steiner_focus_2,dist_orthocenter__steiner_focus_1,0.06198095611405163,0.2904897573269674,0.2719788782517257,0.8401711290294503,0.21336709660398645
dist_centroid__circumcenter,dist_centroid__incenter,semiperimeter,0.05507535012386669,0.25742866253998464,0.07666862861147954,2.639323489683755,0.2139441256480607
circumradius,dist_circumcenter__incenter,dist_orthocenter__steiner_focus_1,0.03639227310472853,0.16979656473616853,0.06532331688239312,2.0422155211686293,0.21432867715124376
dist_centroid__circumcenter,dist_circumcenter__incenter,dist_circumcenter__steiner_focus_2,0.022752271158719778,0.10601408819017107,0.045386968937164214,1.834487276441014,0.21461554352951762
dist_orthocenter__steiner_focus_2,dist_steiner_focus_1__steiner_focus_2,semiperimeter,0.05140744317431157,0.23805122068534304,0.08676771403478166,2.1510740439262186,0.2159511849017658
dist_centroid__steiner_focus_2,dist_circumcenter__incenter,dist_orthocenter__steiner_focus_1,0.05006454797866112,0.2315812258529558,0.1492914624212849,1.2158543759325873,0.21618569378525518
dist_circumcenter__orthocenter,dist_incenter__steiner_focus_2,dist_orthocenter__steiner_focus_2,0.04212799769164329,0.19424216056157803,0.11250064059139926,1.3521181930191066,0.21688390187715198
dist_centroid__orthocenter,dist_steiner_focus_1__steiner_focus_2,semiperimeter,0.06666436527083297,0.306871264742202,0.06138234229120899,3.91328988932654,0.21723886505579698
area,dist_circumcenter__steiner_focus_2,dist_steiner_focus_1__steiner_focus_2,0.057085461764292626,0.2626442691052841,0.06853508735053641,2.9993221762397386,0.21734897151481053
area,dist_centroid__incenter,perimeter,0.05328472424760041,0.2444921104479442,0.07151191924847002,2.6737834505040867,0.21794046503167422
area,dist_incenter__steiner_focus_2,perimeter,0.0738478926951987,0.3364908449525313,0.021856172840810446,12.016877527931992,0.21946479021031437
dist_centroid__incenter,inradius,semiperimeter,0.0695376849397809,0.31530799033073414,0.034852579785097475,7.051710573690202,0.2205389240749692
circumradius,dist_centroid__steiner_focus_1,inradius,0.028339202455804534,0.12830432621718416,0.05176956997168483,1.9309629926625846,0.22087487843421594
dist_centroid__steiner_focus_1,dist_circumcenter__steiner_focus_1,dist_steiner_focus_1__steiner_focus_2,0.04412517314929986,0.19952229618846476,0.08586323663034742,1.8098213989785876,0.2211540965207222
dist_centroid__circumcenter,dist_incenter__orthocenter,dist_incenter__steiner_focus_2,0.032696689572679724,0.1477092488167379,0.015552834531106011,7.394958071085403,0.22135844461064413
circumradius,dist_circumcenter__orthocenter,dist_incenter__steiner_focus_1,0.02742340467612002,0.12384307536245175,0.041481774033366295,2.324386382529724,0.22143672220558067
dist_centroid__steiner_focus_1,dist_centroid__steiner_focus_2,dist_orthocenter__steiner_focus_2,0.02276320407480362,0.1026750110405893,0.02558855114222262,3.122951609164244,0.22170150111603018
circumradius,dist_incenter__steiner_focus_2,inradius,0.030850689595869618,0.13874704133492824,0.01368183320182625,7.886103429813531,0.2223520537738721
dist_centroid__orthocenter,dist_circumcenter__steiner_focus_2,dist_incenter__orthocenter,0.020089054808821942,0.08986636527932072,0.020207214330301614,3.4530890468096147,0.2235436444589872
dist_incenter__steiner_focus_1,dist_incenter__steiner_focus_2,semiperimeter,0.06532159878659285,0.28989557004568006,0.06235539569112197,3.601516256452231,0.2253280337340093
dist_circumcenter__steiner_focus_1,dist_orthocenter__steiner_focus_2,dist_steiner_focus_1__steiner_focus_2,0.030270045252911625,0.13387290781448782,0.005584024241862156,18.553440686179183,0.22611031423070185
dist_centroid__circumcenter,dist_circumcenter__incenter,inradius,0.041907881166646364,0.1836565222862452,0.1383125260586949,1.0248431227367345,0.22818618497702556
circumradius,dist_circumcenter__orthocenter,dist_orthocenter__steiner_focus_2,0.019929237303021635,0.08728974847645822,0.024083444580434345,2.796963322603819,0.22831131548507658
dist_incenter__orthocenter,dist_incenter__steiner_focus_1,dist_orthocenter__steiner_focus_2,0.034039086150907914,0.14863632524663453,0.04586982776661251,2.4983141353571647,0.2290092014480736
dist_centroid__circumcenter,dist_circumcenter__steiner_focus_1,dist_orthocenter__steiner_focus_2,0.03944584402591264,0.17203694663295813,0.1290729199858411,1.0272573257162718,0.229287050240845
dist_centroid__orthocenter,dist_centroid__steiner_focus_1,semiperimeter,0.06247976852959718,0.2715267176294659,0.15565873379113,1.342982459181362,0.23010541678944124
dist_centroid__steiner_focus_2,dist_circumcenter__steiner_focus_1,dist_steiner_focus_1__steiner_focus_2,0.024455022647894394,0.1060483568950064,0.012536318546644873,6.508556235510547,0.23060256060455692
dist_incenter__steiner_focus_2,dist_steiner_focus_1__steiner_focus_2,semiperimeter,0.08365762927513444,0.35948611208755094,0.04955296012860961,5.566337149113434,0.23271449567086494
dist_incenter__orthocenter,dist_steiner_focus_1__steiner_focus_2,inradius,0.036714025644838916,0.1569745846578604,0.008350734163113315,14.401195950439169,0.23388515870171142
dist_circumcenter__steiner_focus_1,dist_orthocenter__steiner_focus_1,semiperimeter,0.0355044476734152,0.15162650089802568,0.045018444435822466,2.5794328231432364,0.23415727107818196
dist_centroid__circumcenter,dist_centroid__orthocenter,perimeter,0.029102317927153964,0.12401320975375685,0.02613622608814252,3.6313923634775276,0.23467111273823263
dist_orthocenter__steiner_focus_1,dist_steiner_focus_1__steiner_focus_2,perimeter,0.03255102136209148,0.1367503014561409,0.03488773256036009,2.9867025583784153,0.23803253825024565
dist_circumcenter__orthocenter,dist_orthocenter__steiner_focus_2,semiperimeter,0.01919432889603618,0.08020538482155255,0.006756096508092282,9.030518710388295,0.23931471607225974
dist_centroid__orthocenter,dist_circumcenter__steiner_focus_1,perimeter,0.06286583344703155,0.26194943504273066,0.26045986373307767,0.7643542415415003,0.23999224673562103
dist_centroid__steiner_focus_2,dist_circumcenter__incenter,dist_orthocenter__steiner_focus_2,0.041469314742030174,0.17198863639825626,0.08545560743120342,1.5273347832826711,0.24111659706402916
area,dist_circumcenter__orthocenter,perimeter,0.05324292636197987,0.2207845475451871,0.060998247383602634,2.7466628693375417,0.24115331871712106
dist_centroid__steiner_focus_1,dist_centroid__steiner_focus_2,dist_orthocenter__steiner_focus_1,0.022535124259234755,0.09334094563426525,0.010570472308886636,6.69845389174368,0.24142806895843322
area,dist_centroid__orthocenter,dist_centroid__steiner_focus_2,0.0338062890104531,0.13974868646943575,0.05617816577028233,1.8858287024213432,0.24190774070600535
circumradius,dist_circumcenter__steiner_focus_1,semiperimeter,0.03424871991954705,0.14155309455487683,0.02464423724170076,4.354136570871789,0.2419496375352615
area,dist_centroid__orthocenter,dist_incenter__steiner_focus_1,0.05588475067586104,0.2308945136316347,0.08777374409626548,1.9938737347677964,0.24203585350242945
dist_circumcenter__orthocenter,dist_circumcenter__steiner_focus_2,inradius,0.02452409870364781,0.10127732297109489,0.03199331777326823,2.399039224733911,0.24214797532362822
dist_centroid__incenter,dist_centroid__steiner_focus_2,perimeter,0.07203679544674155,0.2966580997304786,0.04568745922860378,4.916476163837696,0.24282767101990071
dist_circumcenter__steiner_focus_1,dist_circumcenter__steiner_focus_2,dist_incenter__steiner_focus_2,0.020008916221834958,0.08223694531644178,0.022129905595423917,2.811942817662743,0.24330811589416537
dist_incenter__steiner_focus_1,dist_steiner_focus_1__steiner_focus_2,semiperimeter,0.09000821007199919,0.36666097049565377,0.013161343864435836,21.020099715745356,0.24548075010636047
dist_centroid__incenter,dist_incenter__steiner_focus_2,dist_steiner_focus_1__steiner_focus_2,0.06449187236612562,0.26254416014956833,0.04548312527655517,4.354412467903369,0.24564199915696225
circumradius,dist_centroid__steiner_focus_2,dist_circumcenter__steiner_focus_2,0.046381068545595594,0.18819461092898337,0.0835912765716474,1.696511265285405,0.2464526923308013
dist_centroid__incenter,dist_centroid__orthocenter,inradius,0.04363603018173419,0.17665052626387448,0.10037505555313939,1.325174819073662,0.24701896509808405
area,dist_centroid__orthocenter,dist_incenter__steiner_focus_2,0.030028489163813253,0.12107438134200531,0.013214700542919525,6.889743122251432,0.2480168705466284
dist_circumcenter__incenter,dist_incenter__orthocenter,dist_orthocenter__steiner_focus_1,0.04547494370980553,0.18323916088463185,0.03175011555116419,4.3390146707599895,0.248172625820071
dist_centroid__incenter,dist_circumcenter__steiner_focus_1,dist_incenter__steiner_focus_1,0.07217580642164503,0.2871181548663608,0.12333837538553588,1.742704553816609,0.2513801555155552
dist_centroid__circumcenter,dist_circumcenter__incenter,dist_incenter__steiner_focus_2,0.0354766406458903,0.14090064981434425,0.01558402260495777,6.764877839365764,0.2517847908624666
area,dist_centroid__orthocenter,dist_centroid__steiner_focus_1,0.044877807688249984,0.1771484374860337,0.10058810389819318,1.3149728911448308,0.25333448222927807
dist_centroid__circumcenter,dist_incenter__steiner_focus_2,dist_orthocenter__steiner_focus_2,0.0513508673022824,0.20154219737601706,0.09420193952342527,1.5943549658697467,0.2547896568105643
circumradius,dist_centroid__steiner_focus_1,dist_centroid__steiner_focus_2,0.03634871841311878,0.14264168256119591,0.018848158278872023,5.639435035264267,0.25482536212740275
area,dist_circumcenter__incenter,dist_incenter__steiner_focus_2,0.07657949420394447,0.29996500190785086,0.09963327545704623,2.2420773248613317,0.25529476344533575
dist_circumcenter__steiner_focus_1,dist_steiner_focus_1__steiner_focus_2,semiperimeter,0.054098965786348464,0.2118221943920129,0.11740863895615705,1.3433698747207328,0.25539800464076556
dist_circumcenter__steiner_focus_2,dist_steiner_focus_1__steiner_focus_2,semiperimeter,0.029556865802619146,0.11542105836674317,0.0060782996879640075,14.126350619754515,0.25607862396049136
circumradius,dist_centroid__orthocenter,semiperimeter,0.03809735644687684,0.14875338140641517,0.057839651281187156,1.9131516616790212,0.25611086004686845
dist_centroid__steiner_focus_2,dist_circumcenter__steiner_focus_2,inradius,0.09391732984270076,0.3666304518091951,0.1826354388430133,1.4932103193888262,0.25616347299917686
dist_centroid__orthocenter,dist_incenter__steiner_focus_2,dist_orthocenter__steiner_focus_2,0.04174516527509985,0.16287876188448083,0.076901250169458,1.5751837108298434,0.2562959393361975
dist_centroid__steiner_focus_1,dist_circumcenter__incenter,dist_orthocenter__steiner_focus_1,0.03396117989960668,0.13241524320145093,0.03329041496499884,2.957429740823529,0.2564748519771216
dist_circumcenter__orthocenter,dist_circumcenter__steiner_focus_2,perimeter,0.04438983923667161,0.17299089829068529,0.0962869538647536,1.3356021131860611,0.2566021662138614
area,dist_orthocenter__steiner_focus_2,dist_steiner_focus_1__steiner_focus_2,0.0826654290871787,0.32202164189062205,0.19609359330845683,1.2206222996124818,0.2567076815143277
dist_incenter__steiner_focus_2,dist_orthocenter__steiner_focus_1,inradius,0.034800624859480565,0.13554534830292145,0.05463833034553566,1.8438470357041654,0.25674525385929825
area,dist_circumcenter__steiner_focus_1,dist_steiner_focus_1__steiner_focus_2,0.05142545791609329,0.199755600450403,0.11706857555500876,1.2670363659170998,0.2574418829817071
dist_centroid__steiner_focus_1,dist_orthocenter__steiner_focus_2,dist_steiner_focus_1__steiner_focus_2,0.030526613789677835,0.11852581431179295,0.011961591336612933,7.356813825662192,0.2575524493708585
dist_centroid__steiner_focus_1,dist_circumcenter__incenter,inradius,0.047763507414671086,0.18458705479717427,0.02530319471991453,5.407362544414919,0.2587587058429098
area,dist_centroid__steiner_focus_1,dist_incenter__orthocenter,0.07095552662777664,0.2712424481283755,0.24688418524151268,0.8112586122301418,0.261594477993335
dist_centroid__incenter,dist_steiner_focus_1__steiner_focus_2,inradius,0.08439520216256194,0.3218132006902474,0.06653723940660465,3.5681973079291707,0.26224903758312346
dist_circumcenter__incenter,dist_incenter__steiner_focus_2,dist_orthocenter__steiner_focus_1,0.05996490691644351,0.2286402321549601,0.13708546212317266,1.2304391919178135,0.2622675211237649
area,dist_centroid__circumcenter,dist_circumcenter__orthocenter,0.03471593003989435,0.13190840008416335,0.03675565442951764,2.644286207191455,0.2631821022599324
dist_centroid__orthocenter,dist_incenter__orthocenter,semiperimeter,0.030869276057954365,0.11720706807171355,0.020849081103034475,4.141083800628181,0.26337384396533914
dist_circumcenter__incenter,dist_circumcenter__steiner_focus_1,dist_orthocenter__steiner_focus_2,0.05636759135377254,0.21336972486769626,0.10453318835786582,1.5019357582056356,0.2641780195795082
dist_centroid__incenter,inradius,perimeter,0.07313729967143695,0.2758889749575542,0.052708507325505624,3.846659402323955,0.2650968552936528
dist_centroid__circumcenter,dist_centroid__steiner_focus_1,dist_circumcenter__incenter,0.06007430422676221,0.22538785117894114,0.11442918579538934,1.44467991975208,0.2665374549361478
area,circumradius,dist_steiner_focus_1__steiner_focus_2,0.10106508430879141,0.3767926392463596,0.21098481993943363,1.3068596831597643,0.2682246779314383
circumradius,dist_circumcenter__incenter,dist_circumcenter__steiner_focus_2,0.041814248101435636,0.15555104091061248,0.09560103357754396,1.1897025435077813,0.268813682355647
dist_centroid__steiner_focus_2,dist_incenter__steiner_focus_1,semiperimeter,0.09058039998342318,0.3367720565144219,0.014454569739177418,17.03209856629112,0.2689664959763198
dist_orthocenter__steiner_focus_1,inradius,perimeter,0.0717835516976986,0.2665313877415728,0.24894904777138438,0.7822798993901581,0.2693249463260195
dist_centroid__steiner_focus_2,dist_incenter__steiner_focus_2,perimeter,0.08798585303611113,0.3261781545935269,0.05678223836161186,4.19483818232935,0.2697478411629264
dist_circumcenter__steiner_focus_2,dist_orthocenter__steiner_focus_2,inradius,0.0259857823762336,0.09632168941037063,0.02880778900457968,2.441558670919017,0.26978121475344263
area,dist_incenter__steiner_focus_1,perimeter,0.06848048472443509,0.2531598889856925,0.053986360903100855,3.4208529927167195,0.2705029023310454
dist_centroid__circumcenter,dist_circumcenter__incenter,dist_incenter__steiner_focus_1,0.0283220806411987,0.10440847154291942,0.021002343065980453,3.62275726392477,0.2712622857385311
area,dist_centroid__circumcenter,semiperimeter,0.062112234195955865,0.2277905321779711,0.13782985788621485,1.2020494000566306,0.2726725891637499
dist_centroid__orthocenter,inradius,perimeter,0.04948849405517643,0.18142855533872512,0.12274310546126091,1.0749284922173525,0.27277125126627366
dist_centroid__steiner_focus_1,dist_circumcenter__orthocenter,inradius,0.04828491385245511,0.17653352874046904,0.1080752511061271,1.1866603461515635,0.27351695848917873
dist_centroid__incenter,dist_centroid__steiner_focus_1,dist_incenter__steiner_focus_1,0.08406023294484098,0.3061365748954042,0.05530204246559812,4.015698734612031,0.27458409036411713
dist_circumcenter__incenter,dist_circumcenter__steiner_focus_2,dist_steiner_focus_1__steiner_focus_2,0.04653220336125501,0.1684678339428077,0.046277766275771626,2.6348642208643325,0.27620823674299744
dist_centroid__steiner_focus_2,dist_incenter__steiner_focus_2,semiperimeter,0.08515198149503897,0.3067096952532001,0.045572385388575117,4.861665938024501,0.2776305503637337
dist_centroid__incenter,dist_incenter__steiner_focus_2,perimeter,0.08199592841003005,0.294624424977358,0.06495779185367215,3.273333198368377,0.2783066217823979
dist_centroid__circumcenter,dist_incenter__orthocenter,dist_orthocenter__steiner_focus_2,0.03441828847057956,0.12274166308117318,0.03376866230406847,2.615542594352408,0.28041243377823216
area,dist_centroid__circumcenter,dist_steiner_focus_1__steiner_focus_2,0.04033314385947834,0.14348315430319664,0.059752134942050505,1.7262983246331938,0.28110020340262176
dist_orthocenter__steiner_focus_2,perimeter,semiperimeter,0.038091549770658095,0.1352613876237071,0.04864094142305646,1.9976964879834582,0.2816143648964151
dist_centroid__incenter,dist_centroid__orthocenter,dist_circumcenter__steiner_focus_2,0.04122227846883363,0.14565090321248106,0.05482375190177947,1.9048062403816963,0.2830210974297702
dist_centroid__incenter,dist_centroid__orthocenter,dist_centroid__steiner_focus_1,0.09376856439181186,0.33041950605726805,0.13835570230768526,1.710453112652885,0.2837864068943919
dist_centroid__circumcenter,dist_centroid__incenter,dist_circumcenter__steiner_focus_1,0.024090433586874096,0.08474507071905639,0.015258055169620678,3.9752534944917355,0.2842694375315088
dist_centroid__incenter,dist_centroid__steiner_focus_1,inradius,0.0950035256787537,0.33190503450019254,0.028400794061592342,8.34136919931444,0.2862370732695186
dist_circumcenter__incenter,dist_incenter__orthocenter,dist_incenter__steiner_focus_2,0.0253502064612587,0.08815633342699858,0.025520633482573343,2.4609940426685246,0.28755967354575795
dist_centroid__steiner_focus_1,dist_incenter__steiner_focus_2,semiperimeter,0.09435499862055907,0.32760747814920044,0.05703097553107225,4.089926173567873,0.2880123468292366
dist_centroid__circumcenter,dist_incenter__steiner_focus_2,semiperimeter,0.07944325988812935,0.2758224492747701,0.22985790021757874,0.8543504017079783,0.28802318338123806
area,dist_orthocenter__steiner_focus_1,inradius,0.04063193133656983,0.1403702675770853,0.037371255551177415,2.6688516285980954,0.28946251964830466
dist_circumcenter__steiner_focus_1,dist_incenter__orthocenter,dist_incenter__steiner_focus_2,0.04340056505634385,0.14991460319716632,0.03548165305018402,3.0019468932344475,0.28950191729663466
dist_incenter__steiner_focus_2,inradius,semiperimeter,0.10014986594867947,0.3459357108099856,0.019686033458247022,12.48529041579677,0.2895042715138752
dist_centroid__orthocenter,perimeter,semiperimeter,0.03734170035019805,0.12860010300412508,0.0171537321701752,5.320031917753497,0.2903706877202131
circumradius,dist_circumcenter__steiner_focus_1,dist_orthocenter__steiner_focus_1,0.05466736687836187,0.18824310520639487,0.05296815983243674,2.521811947981505,0.2904083356382327
dist_circumcenter__steiner_focus_2,dist_orthocenter__steiner_focus_2,perimeter,0.03429866025556928,0.11751771869005756,0.03183767502505246,2.6138547607199576,0.2918594798970606
circumradius,dist_centroid__steiner_focus_2,inradius,0.03957654580551159,0.13521779887421173,0.013198676569576984,7.246275985666147,0.29268739866360516
dist_incenter__steiner_focus_2,dist_steiner_focus_1__steiner_focus_2,perimeter,0.08827324461450682,0.3011172251168431,0.05035010496651829,4.227279777149875,0.2931524245424817
dist_centroid__steiner_focus_2,dist_circumcenter__orthocenter,dist_steiner_focus_1__steiner_focus_2,0.07093897636566737,0.2414821934337313,0.16149994591336644,1.0559955057789838,0.29376483357616506
circumradius,dist_orthocenter__steiner_focus_1,semiperimeter,0.060590821380939845,0.20603737607476647,0.1005952545577941,1.4458590053098825,0.29407684438260734
dist_incenter__steiner_focus_2,inradius,perimeter,0.10039304625990095,0.3404778432416595,0.02182133167026316,11.00229814612699,0.2948592639804917
area,dist_incenter__orthocenter,dist_steiner_focus_1__steiner_focus_2,0.03956509354022867,0.13390375654101183,0.020841332609377827,4.526517798498848,0.2954741118716168
dist_circumcenter__orthocenter,dist_steiner_focus_1__steiner_focus_2,semiperimeter,0.06957550757400677,0.23525525721069485,0.06883519733868733,2.406904549448736,0.29574475146242907
circumradius,dist_incenter__orthocenter,semiperimeter,0.05456268918207244,0.18337134295886193,0.09207370490672995,1.3989732889240398,0.2975529780261968
circumradius,dist_centroid__incenter,inradius,0.049187649061154366,0.1649085041350169,0.012009070977481653,9.636120503480415,0.2982723621147067
dist_centroid__steiner_focus_1,dist_incenter__steiner_focus_1,perimeter,0.09154426715966014,0.3065605488129373,0.07876863417025604,2.729719563100789,0.2986172471119899
dist_centroid__steiner_focus_1,dist_circumcenter__steiner_focus_2,semiperimeter,0.07239318776589372,0.23986208177498505,0.1175272210003689,1.4249370706090776,0.30181172126157846
dist_circumcenter__steiner_focus_2,dist_steiner_focus_1__steiner_focus_2,perimeter,0.06004488983710591,0.19877586795786892,0.12054088929223251,1.1509038877623632,0.3020733374427151
area,dist_circumcenter__orthocenter,dist_incenter__steiner_focus_1,0.059280643352704485,0.19585852343006163,0.10044072074895921,1.3597859419858096,0.30267073556220686
dist_circumcenter__steiner_focus_2,dist_orthocenter__steiner_focus_1,dist_orthocenter__steiner_focus_2,0.020448760209394914,0.06752404457472722,0.0034833093980121835,13.51452856648241,0.3028367204331898
dist_circumcenter__orthocenter,dist_circumcenter__steiner_focus_1,dist_incenter__steiner_focus_2,0.03274820099784218,0.10795667777620364,0.010906200825717124,6.8959372727685135,0.30334576491627374
circumradius,dist_centroid__incenter,perimeter,0.09821756782373073,0.32334970057018775,0.14493898097938054,1.5532890546435192,0.3037502977443184
dist_circumcenter__incenter,dist_circumcenter__steiner_focus_1,dist_incenter__steiner_focus_1,0.039412179721377304,0.12922763439474577,0.03186619077492649,2.818518702399743,0.3049825983890312
dist_centroid__steiner_focus_1,dist_incenter__steiner_focus_2,perimeter,0.08866384202271164,0.2904474590049152,0.0599194623700803,3.3675805656587556,0.30526637184734745
dist_centroid__incenter,dist_incenter__orthocenter,dist_steiner_focus_1__steiner_focus_2,0.10060509057649263,0.3293740009498158,0.15403929778958603,1.4851334280023527,0.3054433266935998
area,dist_circumcenter__orthocenter,dist_steiner_focus_1__steiner_focus_2,0.05831884442847355,0.1906676016167436,0.16595762959332072,0.7974852226594871,0.30586656534180817
dist_centroid__steiner_focus_1,dist_circumcenter__steiner_focus_1,dist_orthocenter__steiner_focus_1,0.03579421791288864,0.11680746307012169,0.022126504369992923,3.6613666489090773,0.3064377649517198
area,dist_orthocenter__steiner_focus_1,semiperimeter,0.06904485058852752,0.22518354099832807,0.13612341528164512,1.147037709028553,0.30661588445773735
dist_centroid__circumcenter,dist_incenter__orthocenter,dist_incenter__steiner_focus_1,0.05074017396907534,0.16539626312003006,0.059735166156913454,1.9194068842091097,0.30677944599179113
dist_circumcenter__steiner_focus_1,dist_incenter__steiner_focus_1,dist_orthocenter__steiner_focus_1,0.050081766251635663,0.1631978154382723,0.04614730346055702,2.4511952097768637,0.3068776755199797
dist_centroid__steiner_focus_2,dist_orthocenter__steiner_focus_1,dist_orthocenter__steiner_focus_2,0.03360791153093853,0.10898395549436646,0.005905733869380631,12.763196857587667,0.3083748555325263
dist_circumcenter__orthocenter,inradius,perimeter,0.08204478840507498,0.2659494512747068,0.05557344151160288,3.309218537981589,0.3084976788326913
area,dist_centroid__circumcenter,dist_incenter__orthocenter,0.03864230936389814,0.1252452937278183,0.018494435945677606,4.68265075065241,0.30853302518396564
area,dist_incenter__steiner_focus_1,semiperimeter,0.08208835219585878,0.26547278934788826,0.0638703645071063,2.8711975979348905,0.3092156917381324
dist_centroid__steiner_focus_1,dist_orthocenter__steiner_focus_1,perimeter,0.08480343393300287,0.2741638455672052,0.12126302217928328,1.5615676422301215,0.3093166196204933
area,dist_centroid__steiner_focus_1,dist_circumcenter__steiner_focus_1,0.050910890799862864,0.16446276496948362,0.020142645176231128,5.637386409587112,0.3095587673556959
dist_centroid__steiner_focus_2,dist_orthocenter__steiner_focus_1,semiperimeter,0.04375327015100991,0.1411018598236626,0.041211408788576,2.3621757308048683,0.3100828735049213
area,dist_centroid__orthocenter,semiperimeter,0.04568822636515849,0.1471756772954717,0.04096064081311427,2.4776822070083493,0.31043326726762227
dist_circumcenter__incenter,dist_circumcenter__steiner_focus_2,inradius,0.029389506000819698,0.09448889692614339,0.04150779640079734,1.5683653812100025,0.31103660807673317
dist_incenter__steiner_focus_1,dist_steiner_focus_1__steiner_focus_2,perimeter,0.09456523832057762,0.30301034132455823,0.03959941742656223,5.263842666133801,0.3120858446850419
circumradius,dist_centroid__circumcenter,dist_circumcenter__steiner_focus_1,0.04122391221911022,0.13186368757192687,0.0064299962169006375,14.096396373387993,0.3126252039373923
area,dist_centroid__circumcenter,dist_centroid__steiner_focus_2,0.037028680266260515,0.11842830438839631,0.012970695964694598,6.275655858691034,0.31266748652266113
dist_circumcenter__steiner_focus_1,dist_incenter__steiner_focus_2,dist_orthocenter__steiner_focus_1,0.033636732755615385,0.10752190174536964,0.02351815870705182,3.1416221784233516,0.31283610324595035
dist_centroid__orthocenter,dist_circumcenter__orthocenter,dist_orthocenter__steiner_focus_1,0.05405464300183491,0.17253220232681807,0.0622885444700003,1.9020762217689142,0.3133017620643492
circumradius,dist_centroid__steiner_focus_2,semiperimeter,0.08527256235681298,0.2719419937898035,0.22857416896700988,0.8166689712866572,0.31356893861241625
dist_incenter__orthocenter,dist_incenter__steiner_focus_2,dist_orthocenter__steiner_focus_2,0.03719324586327969,0.11853099493292844,0.0025259311745132124,32.20109474492069,0.3137849799061059
dist_centroid__steiner_focus_2,dist_incenter__orthocenter,perimeter,0.09264532610911248,0.2951650171034461,0.0895845367476447,2.260654554310213,0.31387637674095775
dist_incenter__steiner_focus_1,dist_incenter__steiner_focus_2,perimeter,0.08089842196772665,0.25711504069466046,0.05555945176334285,3.171676701878445,0.3146390104179023
circumradius,dist_centroid__steiner_focus_2,dist_circumcenter__incenter,0.051437746899745534,0.16270408189916427,0.08805661400507925,1.2635772594322183,0.31614294060319914
dist_centroid__orthocenter,dist_circumcenter__incenter,dist_incenter__steiner_focus_1,0.03879336843908998,0.12267098139749473,0.043601268125460134,1.9237425094392153,0.31623916265401497
dist_centroid__steiner_focus_2,dist_incenter__steiner_focus_1,dist_orthocenter__steiner_focus_1,0.07536934938067465,0.23668711198130676,0.04364138532366353,3.696440005380886,0.3184345305063641
area,dist_circumcenter__orthocenter,dist_orthocenter__steiner_focus_2,0.07078182327767359,0.22162757394336774,0.13615334686699737,1.1079107061029443,0.319372819989269
dist_circumcenter__steiner_focus_2,dist_incenter__steiner_focus_1,dist_orthocenter__steiner_focus_1,0.049145540287043044,0.15377324280834623,0.038565203569141684,2.713007914860899,0.31959747605957106
area,dist_circumcenter__orthocenter,semiperimeter,0.056729703132796794,0.1771230577979713,0.1216092302830714,0.990001781813217,0.32028412245176674
dist_centroid__steiner_focus_2,dist_incenter__steiner_focus_1,perimeter,0.10424582262450378,0.3246163984163207,0.02855230028863887,7.718137367709868,0.3211354174745309
dist_centroid__circumcenter,dist_centroid__orthocenter,dist_circumcenter__orthocenter,0.046951149465623586,0.14608674124531365,0.048174038473228854,2.057863424399875,0.32139227054686414
dist_circumcenter__incenter,dist_circumcenter__orthocenter,perimeter,0.031529951781219756,0.0978919992332395,0.03652740845103261,1.8167740408132822,0.32208915976979735
dist_circumcenter__steiner_focus_2,dist_incenter__steiner_focus_2,dist_orthocenter__steiner_focus_1,0.04462953427629227,0.13769502247213658,0.036173014764434276,2.572787720401656,0.32411871885436766
area,dist_incenter__orthocenter,dist_orthocenter__steiner_focus_1,0.024129987081077397,0.07416512370951778,0.03605812559376636,1.3876244481518565,0.32535490907541953
dist_centroid__orthocenter,dist_circumcenter__steiner_focus_2,dist_orthocenter__steiner_focus_1,0.04179564544662795,0.127394528611699,0.06288047146269751,1.3612951871051213,0.32808038070474665
dist_circumcenter__incenter,dist_circumcenter__orthocenter,dist_orthocenter__steiner_focus_2,0.04078929102176132,0.12407962058894495,0.038976659267519094,2.1369283856657515,0.32873481421167
dist_centroid__incenter,dist_centroid__steiner_focus_2,inradius,0.1053115628111391,0.31971408378634636,0.0581112152160774,3.689520519885624,0.3293929424814301
dist_circumcenter__incenter,dist_incenter__orthocenter,inradius,0.020712977917769052,0.06283363213733936,0.028819339316967067,1.4615412850485523,0.32964794829137706
dist_incenter__orthocenter,dist_incenter__steiner_focus_2,perimeter,0.06401018304252774,0.19407575187512802,0.13460292568572252,0.9662908006641975,0.3298206108907057
dist_circumcenter__incenter,dist_orthocenter__steiner_focus_2,semiperimeter,0.030482065990854217,0.0922111485679833,0.03509197330123578,1.7590655859456974,0.3305681196279765
dist_centroid__steiner_focus_1,dist_incenter__steiner_focus_1,dist_orthocenter__steiner_focus_1,0.08410276924461925,0.25390332222628825,0.18800957312470026,0.9031484416436931,0.3312393414437629
dist_circumcenter__steiner_focus_1,dist_steiner_focus_1__steiner_focus_2,inradius,0.054980841881811314,0.16587475098326585,0.048557885063797004,2.283746686161441,0.331459981437187
dist_circumcenter__incenter,dist_incenter__orthocenter,dist_steiner_focus_1__steiner_focus_2,0.04583299652949618,0.1381811681838929,0.030061370048335305,3.0719881198332355,0.33168771933163255
dist_centroid__incenter,dist_circumcenter__incenter,inradius,0.0346315160670652,0.10405884198950817,0.017400341826911737,3.9899978180351146,0.33280704844434994
area,dist_centroid__incenter,dist_centroid__steiner_focus_2,0.0969483219284594,0.29122295214242233,0.026483346239665275,7.335728214095138,0.33290069074310774
circumradius,perimeter,semiperimeter,0.03741379870432959,0.11222241158434536,0.00239340058774411,31.25620226847455,0.33338972292722224
dist_centroid__circumcenter,dist_centroid__incenter,dist_circumcenter__steiner_focus_2,0.03613768773263182,0.10839211213827689,0.02591246020323682,2.7884046454461897,0.33339776317423
area,circumradius,dist_circumcenter__orthocenter,0.04412414822950918,0.13182336647007956,0.029029622493534284,3.0210251015184046,0.3347217523801002
dist_centroid__circumcenter,dist_circumcenter__steiner_focus_2,dist_incenter__orthocenter,0.05302548849829914,0.15826470901621195,0.06291030820456682,1.6728454131190098,0.33504303535456814
dist_centroid__circumcenter,dist_centroid__orthocenter,inradius,0.03915886477706073,0.1167756126258123,0.021551695729997673,3.601421847317439,0.3353342696864172
dist_centroid__circumcenter,dist_centroid__steiner_focus_1,perimeter,0.06874917171429525,0.204077119752167,0.06730446979069163,2.0106829228240635,0.33687839086412447
dist_circumcenter__orthocenter,inradius,semiperimeter,0.10848090257655822,0.3211310029723398,0.17620423390283027,1.206838767069864,0.3378088741743259
dist_centroid__incenter,dist_orthocenter__steiner_focus_1,dist_orthocenter__steiner_focus_2,0.056323054583636734,0.16594481978981532,0.03486295365278711,3.1443625315841506,0.3394083325708821
dist_centroid__circumcenter,dist_centroid__steiner_focus_2,dist_circumcenter__incenter,0.04780973261610896,0.14053135883021398,0.010107491465657656,9.173554737013273,0.3402068621130415
dist_centroid__incenter,dist_centroid__steiner_focus_2,dist_circumcenter__orthocenter,0.1055948872532547,0.30886120408958645,0.11323056159540734,1.7951541878122794,0.34188459364623364
dist_centroid__incenter,dist_orthocenter__steiner_focus_2,inradius,0.04214444050013621,0.12323950000218421,0.03215359645307971,2.5221147382497744,0.3419718556095186
dist_incenter__orthocenter,dist_incenter__steiner_focus_1,dist_incenter__steiner_focus_2,0.0637012819885227,0.18544801929818208,0.15643583512327283,0.7782535070287563,0.3434993926039045
area,circumradius,dist_orthocenter__steiner_focus_2,0.054405195803076886,0.1582705940731172,0.027886335251431707,3.7245983501796913,0.34374797239936433
dist_centroid__circumcenter,dist_centroid__steiner_focus_2,dist_orthocenter__steiner_focus_2,0.0337180299391272,0.0980771620701625,0.02651973047247359,2.4268396014747387,0.34379084006331645
area,dist_centroid__incenter,dist_circumcenter__incenter,0.0664676661745995,0.19221455012875555,0.13017814766691424,0.9659600033325377,0.3457993483327662
dist_circumcenter__orthocenter,dist_circumcenter__steiner_focus_2,dist_orthocenter__steiner_focus_2,0.05018875433157011,0.14502744854244787,0.038600542906653046,2.456926433398213,0.34606383023335363
dist_orthocenter__steiner_focus_1,dist_orthocenter__steiner_focus_2,semiperimeter,0.03445847089799353,0.09944146977678521,0.049009208709922064,1.3259344639375024,0.3465201286278446
dist_centroid__orthocenter,dist_steiner_focus_1__steiner_focus_2,perimeter,0.06849531549608763,0.1976430131450068,0.11923459551511707,1.083139478864968,0.3465607734174441
circumradius,dist_circumcenter__steiner_focus_2,dist_orthocenter__steiner_focus_1,0.0513817564672621,0.1480237113939816,0.049982406816930176,1.9335194337617347,0.3471184176061079
dist_centroid__orthocenter,dist_centroid__steiner_focus_1,dist_circumcenter__orthocenter,0.058089434452354496,0.16725153144246707,0.10691709057790486,1.0209976384511876,0.34731780302015774
area,dist_centroid__steiner_focus_2,dist_circumcenter__steiner_focus_1,0.060780658393817154,0.17493099252169167,0.04646258592149625,2.456822664169926,0.34745505937880206
circumradius,dist_centroid__steiner_focus_1,dist_steiner_focus_1__steiner_focus_2,0.041391233388140436,0.11824335859311952,0.023677437149674997,3.245795764092398,0.35005123231123236
dist_centroid__incenter,dist_centroid__steiner_focus_2,dist_incenter__steiner_focus_2,0.11838423540876244,0.3376628014469201,0.009397679096641435,23.33326811686132,0.3505989848496006
area,dist_orthocenter__steiner_focus_1,dist_steiner_focus_1__steiner_focus_2,0.06638017997118202,0.18902166752129224,0.12385555771881634,0.9901976932560235,0.3511776233997336
dist_centroid__steiner_focus_1,dist_circumcenter__steiner_focus_1,semiperimeter,0.0845039549818066,0.23996800885825117,0.10550962550314556,1.4734584938111615,0.35214675232698617
circumradius,dist_centroid__incenter,dist_incenter__steiner_focus_2,0.08140747543072202,0.2309106612622848,0.11384655162671474,1.313199070989525,0.35254966135259386
dist_incenter__steiner_focus_1,inradius,perimeter,0.11916395040870922,0.3379564445100535,0.008376330876122422,26.120326111404506,0.3526015033726168
dist_centroid__incenter,dist_centroid__steiner_focus_2,dist_incenter__steiner_focus_1,0.08347376795240577,0.23570238026999404,0.09454018951155399,1.6101999911792437,0.3541490241073834
dist_circumcenter__incenter,dist_circumcenter__orthocenter,dist_incenter__steiner_focus_1,0.04922276307814702,0.13836734714545315,0.07272180907411249,1.225830121696461,0.3557397326292854
area,dist_centroid__incenter,dist_steiner_focus_1__steiner_focus_2,0.07882072003849866,0.22139309397631837,0.01916603441287073,7.4388040252122725,0.35602158415532975
dist_centroid__incenter,dist_incenter__steiner_focus_1,perimeter,0.10018440545753649,0.2813871163061834,0.04733013959555008,3.8284846061532294,0.35603764227969725
area,dist_centroid__incenter,dist_circumcenter__steiner_focus_1,0.035873319998195555,0.10048501222455668,0.0173198661066037,3.7304960574565897,0.3570016981042749
dist_centroid__steiner_focus_1,dist_incenter__steiner_focus_1,semiperimeter,0.11234206844561093,0.3135441736033577,0.04635571143872974,4.3403951511710455,0.3582974199601197
dist_centroid__incenter,dist_circumcenter__incenter,dist_orthocenter__steiner_focus_2,0.042795718015898876,0.11934866555894179,0.04700987147113374,1.628444093705936,0.35857726448364596
dist_centroid__circumcenter,dist_steiner_focus_1__steiner_focus_2,semiperimeter,0.09908677050188106,0.2754451987268778,0.058008217350325623,3.04023182025963,0.3597331554874266
dist_centroid__steiner_focus_1,dist_incenter__orthocenter,perimeter,0.07345996470409723,0.20342855605816743,0.05862334442770919,2.2170108618477014,0.36110940434091476
circumradius,dist_centroid__steiner_focus_2,dist_orthocenter__steiner_focus_2,0.05971884371825282,0.16524897667437657,0.1088392429480635,0.9695963523605287,0.36138707131559983
area,dist_centroid__circumcenter,dist_incenter__steiner_focus_2,0.0581934534738574,0.1601171609704279,0.03434563858157679,2.967588075396653,0.36344295090646256
dist_centroid__steiner_focus_2,dist_circumcenter__steiner_focus_2,semiperimeter,0.07375364133139496,0.20071478366068404,0.08275408802683867,1.5341978306632202,0.36745495267592393
dist_centroid__steiner_focus_1,dist_incenter__orthocenter,semiperimeter,0.053214398393076866,0.14462103021663222,0.047135119174161744,1.9392468593494532,0.3679575391861433
area,dist_incenter__steiner_focus_1,dist_incenter__steiner_focus_2,0.08729097469207392,0.23713542691717696,0.07559097947156275,1.9823060009623816,0.36810600519238984
dist_incenter__steiner_focus_1,dist_orthocenter__steiner_focus_1,dist_steiner_focus_1__steiner_focus_2,0.13665582226882997,0.371052672581186,0.1577462064620309,1.485911170667516,0.3682922462684318
dist_centroid__steiner_focus_1,dist_orthocenter__steiner_focus_1,inradius,0.06660743664823816,0.18061591598963914,0.07613565406544207,1.497438759026165,0.36877944163048754
dist_centroid__incenter,dist_centroid__steiner_focus_1,dist_orthocenter__steiner_focus_2,0.10927263717492544,0.29537076319870503,0.1589265824721341,1.1709691552475792,0.36995075609908745
dist_centroid__circumcenter,dist_circumcenter__steiner_focus_2,dist_orthocenter__steiner_focus_2,0.07959264598877008,0.21503133471933059,0.1243436370358307,1.0892289461625821,0.3701444075239467
circumradius,dist_incenter__orthocenter,dist_orthocenter__steiner_focus_2,0.06812842146623041,0.18369793512604374,0.114513106448193,1.009225207876954,0.3708720047369303
area,dist_circumcenter__steiner_focus_2,dist_incenter__orthocenter,0.04259747251833445,0.11478736001155065,0.0405801399851555,1.7789462411816166,0.37109898262359214
area,dist_incenter__steiner_focus_1,dist_orthocenter__steiner_focus_1,0.04991095194491047,0.13415705036754783,0.038725971984040965,2.175441805756491,0.3720337604931703
dist_centroid__steiner_focus_1,dist_orthocenter__steiner_focus_2,perimeter,0.0770563593788548,0.205654937647726,0.11307856564387925,1.1372498186249502,0.374687621217476
dist_centroid__steiner_focus_2,dist_incenter__steiner_focus_2,dist_orthocenter__steiner_focus_2,0.08650804841760014,0.23075611878798774,0.15421727560813356,0.9353561058679463,0.3748895105012635
dist_circumcenter__incenter,dist_circumcenter__orthocenter,semiperimeter,0.04198731021892768,0.11199394594664795,0.023635888811129668,2.961878704335229,0.3749069636222099
dist_centroid__steiner_focus_1,dist_circumcenter__steiner_focus_2,dist_incenter__steiner_focus_2,0.10748551365349167,0.2862322021843127,0.1329606486673038,1.3443578255855517,0.37551859236396756
dist_circumcenter__orthocenter,dist_incenter__steiner_focus_1,dist_incenter__steiner_focus_2,0.06549878680238977,0.1742822503912679,0.025149298292426663,4.325506911723126,0.3758201805137551
dist_circumcenter__orthocenter,dist_orthocenter__steiner_focus_1,dist_steiner_focus_1__steiner_focus_2,0.03464588299181104,0.092096437358704,0.028388664966014616,2.023714550707815,0.37619134882351307
dist_centroid__steiner_focus_2,dist_circumcenter__steiner_focus_1,semiperimeter,0.11477953304647262,0.3042885974859864,0.21302460882903815,0.8896111368597952,0.37720615887277414
dist_centroid__incenter,dist_centroid__orthocenter,dist_orthocenter__steiner_focus_2,0.07752814872557984,0.2049417249741858,0.13755416815429444,0.926279282978079,0.3782936282757705
dist_centroid__orthocenter,dist_incenter__orthocenter,dist_incenter__steiner_focus_2,0.04778376994815016,0.12562447926342898,0.07152132575814688,1.0883566333557808,0.3803698946918594
area,dist_circumcenter__steiner_focus_1,dist_incenter__steiner_focus_2,0.043957678081502874,0.11522204267324865,0.009555834941993677,7.457680571539631,0.3815040686803292
circumradius,dist_centroid__steiner_focus_2,dist_circumcenter__steiner_focus_1,0.03368357168168475,0.08824935462433225,0.02193343251229118,2.4877904045374395,0.3816863230906559
area,dist_incenter__steiner_focus_2,semiperimeter,0.08139765548629076,0.2124344290125119,0.018281976600404773,7.167538630550478,0.3831660238157376
dist_centroid__steiner_focus_2,dist_orthocenter__steiner_focus_2,semiperimeter,0.0665307648743364,0.17334826323326122,0.08035118210284092,1.3293830353635598,0.3837982777180245
dist_incenter__steiner_focus_1,inradius,semiperimeter,0.10244806194358004,0.2665531813369762,0.06961869700330502,2.3571989488054563,0.38434379747306535
dist_centroid__orthocenter,dist_circumcenter__steiner_focus_1,dist_circumcenter__steiner_focus_2,0.03222542603885919,0.08367567530883645,0.015131337224354398,3.400244704557,0.3851229872949238
dist_centroid__incenter,dist_incenter__orthocenter,dist_incenter__steiner_focus_2,0.08167616625018356,0.21185935952011437,0.10263963220618855,1.2683521021237794,0.38552068898532216
area,dist_centroid__steiner_focus_2,dist_circumcenter__steiner_focus_2,0.08576974440992491,0.22180288541340554,0.10707032958793332,1.270502682928244,0.3866935466148858
dist_centroid__orthocenter,dist_circumcenter__orthocenter,dist_steiner_focus_1__steiner_focus_2,0.049851808509874036,0.128891528668465,0.052382074312119234,1.5089077932964594,0.386773351397693
circumradius,dist_circumcenter__orthocenter,dist_circumcenter__steiner_focus_1,0.068965204243054,0.17801685468671669,0.038485133025935314,2.833604612206284,0.387408284257255
dist_centroid__orthocenter,dist_steiner_focus_1__steiner_focus_2,inradius,0.062457658287405425,0.1597721748456552,0.05366067588735823,1.8135164149353515,0.3909169938241213
area,dist_centroid__incenter,dist_centroid__steiner_focus_1,0.10009925056388992,0.2559101250777008,0.07186356337719335,2.1681484634431456,0.39115002008418875
area,dist_centroid__incenter,dist_orthocenter__steiner_focus_2,0.05530217539182647,0.1412578781888619,0.09729177714705657,0.8834837364221783,0.39149799006528624
dist_circumcenter__steiner_focus_1,dist_circumcenter__steiner_focus_2,dist_incenter__orthocenter,0.03742911382331933,0.09551090246990662,0.04717701399918892,1.2311459272853904,0.3918831552776126
dist_centroid__incenter,dist_circumcenter__steiner_focus_2,dist_orthocenter__steiner_focus_1,0.04913516317381927,0.12495150163336595,0.006248793482636231,12.132956333125833,0.3932338749956939
dist_centroid__incenter,dist_circumcenter__incenter,perimeter,0.06523252227666301,0.1654234063226049,0.0833150124128566,1.202554991523726,0.3943367128436955
dist_centroid__steiner_focus_2,dist_circumcenter__steiner_focus_1,inradius,0.063111824000863,0.15972346841085125,0.025871694951466656,3.7342603409333788,0.3951318151852463
dist_centroid__incenter,dist_circumcenter__orthocenter,dist_orthocenter__steiner_focus_1,0.04701007981645482,0.1189322783209427,0.04340988142117127,1.6568162858286681,0.39526763028617473
area,dist_centroid__incenter,dist_incenter__steiner_focus_1,0.10984567207534597,0.2766746928921216,0.11863846381705091,1.4061967379655054,0.3970210319097597
dist_centroid__circumcenter,dist_circumcenter__steiner_focus_1,dist_incenter__steiner_focus_2,0.048754821294080694,0.1220169449946651,0.017529609323562026,4.179335793987764,0.3995741845217677
dist_incenter__steiner_focus_1,dist_incenter__steiner_focus_2,inradius,0.11868664895227139,0.29639474350797634,0.03883145209957461,4.576395806677849,0.4004343921473
dist_centroid__circumcenter,dist_centroid__steiner_focus_2,dist_circumcenter__orthocenter,0.06983741405031368,0.1742593419044622,0.07898933369679323,1.3219750435543653,0.4007671169136062
dist_circumcenter__steiner_focus_1,dist_incenter__steiner_focus_1,dist_incenter__steiner_focus_2,0.08059826497946761,0.20106878781851015,0.07367607479697616,1.6351376368924981,0.4008492111277742
area,circumradius,perimeter,0.06908097634354432,0.17210985005030677,0.11899475078200536,0.8658270472410006,0.4013772385679979
dist_circumcenter__incenter,dist_incenter__steiner_focus_1,dist_steiner_focus_1__steiner_focus_2,0.07636419554111971,0.1900192665501377,0.062456587810213994,1.819745122073914,0.40187606724063724
dist_centroid__steiner_focus_1,dist_incenter__orthocenter,dist_orthocenter__steiner_focus_2,0.05408739557475841,0.1345797178211355,0.04029084666258434,1.9977818515570043,0.40189856577529603
area,dist_circumcenter__orthocenter,dist_incenter__orthocenter,0.0532280923642857,0.13228630458434731,0.0313705982833819,2.5201372159338606,0.40237039300124106
dist_centroid__orthocenter,dist_centroid__steiner_focus_2,perimeter,0.04043751035584538,0.10029706661756539,0.006561941813381162,9.122232102036314,0.4031773980991325
dist_centroid__steiner_focus_2,dist_circumcenter__steiner_focus_1,dist_incenter__steiner_focus_1,0.0975748621056548,0.24170311041956985,0.1141510339324048,1.262610099521844,0.4036971718579692
area,circumradius,dist_incenter__steiner_focus_1,0.0825468708464411,0.2039654318880859,0.10944574515540345,1.1093949871622784,0.40471010250273126
dist_circumcenter__orthocenter,dist_steiner_focus_1__steiner_focus_2,perimeter,0.06698459551429323,0.16520453763484547,0.04938038529077716,1.9890477067398846,0.40546462266278954
dist_centroid__circumcenter,inradius,perimeter,0.04697943864754066,0.11574587025929156,0.012065914997815204,5.69923057009788,0.4058843615093849
dist_centroid__orthocenter,dist_circumcenter__incenter,semiperimeter,0.043751389845611464,0.10745657908443292,0.02114900887124447,3.0122068427253375,0.40715412884337454
dist_centroid__circumcenter,dist_centroid__incenter,dist_centroid__steiner_focus_2,0.07995282101529576,0.19591682724383522,0.11557166024715954,1.0033948286330823,0.40809573194949533
dist_centroid__steiner_focus_1,dist_incenter__steiner_focus_2,dist_orthocenter__steiner_focus_2,0.06836633349423403,0.16742645870075204,0.06942152546857512,1.42693673954715,0.4083364960637906
dist_centroid__circumcenter,dist_circumcenter__orthocenter,dist_incenter__orthocenter,0.04686158056659184,0.1145998682312837,0.04678379625821368,1.4479006212070542,0.408914785765866
dist_centroid__circumcenter,dist_orthocenter__steiner_focus_2,dist_steiner_focus_1__steiner_focus_2,0.07249402161543277,0.17715762991840703,0.11439286338043925,0.9149487582533173,0.40920631896476106
dist_circumcenter__steiner_focus_1,dist_incenter__steiner_focus_1,semiperimeter,0.16285764941759476,0.39338623092365704,0.12306795397201724,1.873181230903368,0.41398919589841954
dist_centroid__orthocenter,dist_circumcenter__orthocenter,dist_circumcenter__steiner_focus_2,0.033433249626726766,0.08039221949273297,0.0438018934717804,1.07207625387838,0.4158766835607637
area,dist_centroid__orthocenter,dist_circumcenter__incenter,0.06306649873073701,0.15150956811320626,0.0321829315874435,2.7481358912926446,0.41625423077976453
dist_centroid__steiner_focus_1,dist_circumcenter__orthocenter,dist_incenter__steiner_focus_2,0.08127347442860428,0.19463269993484258,0.12553565750452628,0.9030041962551641,0.41757358581477977
dist_circumcenter__incenter,dist_circumcenter__steiner_focus_2,dist_incenter__steiner_focus_2,0.0476772072479299,0.11410390344949299,0.032313549396631655,2.055691728141984,0.4178402824670565
dist_circumcenter__steiner_focus_1,dist_incenter__steiner_focus_2,perimeter,0.06945803213840225,0.16595381214040347,0.08044241877687666,1.199563382966539,0.41853833450742317
circumradius,dist_incenter__steiner_focus_1,inradius,0.04713798701249437,0.1121881036490422,0.012623770698303234,5.152986234555991,0.420169211166596
dist_centroid__incenter,dist_circumcenter__orthocenter,dist_incenter__steiner_focus_1,0.0713698443421672,0.1695929956188699,0.0848627192239439,1.1574358231145294,0.42083014149097425
dist_centroid__incenter,dist_circumcenter__orthocenter,inradius,0.08755074487130371,0.20745973559225672,0.07336693649505147,1.634373689966471,0.42201319027696416
dist_centroid__circumcenter,dist_circumcenter__steiner_focus_1,semiperimeter,0.04072072045043123,0.09611229222824773,0.02580651163176284,2.1464184143989518,0.4236785899739812
dist_circumcenter__orthocenter,dist_circumcenter__steiner_focus_2,dist_incenter__orthocenter,0.0717552942615987,0.16821154855862655,0.05083688896387727,1.8973673696981326,0.4265776926522374
area,dist_circumcenter__incenter,semiperimeter,0.10079352891226731,0.235585370065004,0.15535879248798432,0.8676164315782879,0.42784290418567084
circumradius,dist_circumcenter__steiner_focus_2,dist_orthocenter__steiner_focus_2,0.03645723415381293,0.08514823544098092,0.01604672488438871,3.0343264209968317,0.4281619456351818
dist_centroid__orthocenter,dist_centroid__steiner_focus_1,dist_incenter__steiner_focus_1,0.08943706378383644,0.20881697675658592,0.1263921319670267,0.9445201304452514,0.42830360429981496
dist_centroid__circumcenter,dist_centroid__incenter,dist_circumcenter__incenter,0.03975228143422066,0.09139361265014478,0.005875717113806412,8.788941028930815,0.4349568890157849
dist_circumcenter__steiner_focus_2,dist_incenter__steiner_focus_2,semiperimeter,0.08426346201148686,0.1932003326809486,0.053834369745217714,2.0235561628199235,0.43614553268207723
dist_centroid__steiner_focus_1,dist_circumcenter__steiner_focus_1,dist_orthocenter__steiner_focus_2,0.04199305735681931,0.0962749960966024,0.02218432746474588,2.446859785406836,0.4361782296483653
area,dist_centroid__incenter,dist_incenter__orthocenter,0.0441932120107667,0.10115261982866135,0.02399388521960042,2.3739134907324195,0.43689636596287806
dist_centroid__circumcenter,dist_centroid__orthocenter,dist_circumcenter__steiner_focus_1,0.07898228170480218,0.18005400489647294,0.0811431019096673,1.2455984650942855,0.4386588443295956
dist_circumcenter__orthocenter,dist_incenter__steiner_focus_2,semiperimeter,0.07411787311919547,0.168941892591182,0.004330135050127551,21.898628651130252,0.438718141382205
circumradius,dist_centroid__circumcenter,dist_circumcenter__orthocenter,0.044379153751676566,0.10099118727112488,0.017613354397133102,3.21415400173081,0.4394359047639925
circumradius,dist_incenter__steiner_focus_1,dist_incenter__steiner_focus_2,0.057046841865542444,0.1287703164046926,0.0416949738709898,1.7201947352472946,0.44301236075446626
dist_centroid__incenter,dist_centroid__steiner_focus_1,dist_circumcenter__incenter,0.07204962798958595,0.16246226657566473,0.09271174991453186,0.9752015108055607,0.4434853059004304
dist_incenter__steiner_focus_2,dist_orthocenter__steiner_focus_1,dist_orthocenter__steiner_focus_2,0.04226951637408566,0.09453128921914027,0.0246648074362325,2.118880229662052,0.4471484174525266
circumradius,dist_circumcenter__steiner_focus_2,dist_incenter__orthocenter,0.07108036482408864,0.15843215109456318,0.09621518027083252,0.9078794637664375,0.44864861287948427
dist_centroid__steiner_focus_1,dist_circumcenter__steiner_focus_2,dist_incenter__steiner_focus_1,0.10351562779503325,0.23069886042040844,0.09065890826137091,1.4028762872226976,0.4487045475924505
area,dist_centroid__steiner_focus_1,dist_incenter__steiner_focus_2,0.1312988190704859,0.29186378219498277,0.05308328801768175,3.024774257973876,0.4498633509202259
dist_centroid__circumcenter,dist_incenter__orthocenter,inradius,0.04573557354482133,0.1015317328241671,0.030454677727575225,1.8321047353860214,0.4504559537462668
circumradius,dist_centroid__steiner_focus_1,dist_orthocenter__steiner_focus_2,0.04114743565763646,0.09093702665809339,0.02846139145441868,1.7493730438371455,0.45248274734496546
area,dist_centroid__orthocenter,dist_circumcenter__steiner_focus_1,0.0684140971047274,0.15095285268207304,0.023759691547563477,3.473898447381564,0.45321499984380337
dist_centroid__steiner_focus_1,dist_circumcenter__incenter,semiperimeter,0.10229014711347856,0.22556232825406983,0.1250472659520119,0.9858046891476873,0.45348949846917946
circumradius,dist_centroid__incenter,dist_incenter__steiner_focus_1,0.10193282895677827,0.22336697495269286,0.10751065969236322,1.1295079608235388,0.4563469106315593
dist_centroid__steiner_focus_1,dist_circumcenter__steiner_focus_2,perimeter,0.11726713678847836,0.25674700152150326,0.07312503286663853,1.9074160963100106,0.4567419915073747
dist_circumcenter__steiner_focus_2,dist_incenter__steiner_focus_1,semiperimeter,0.12967203853688752,0.2828525861400449,0.1297786617722779,1.1803215221308312,0.45844388522820434
circumradius,dist_circumcenter__steiner_focus_1,inradius,0.042965731945439414,0.09320943327320547,0.04008663603104434,1.2533778411552359,0.4609590514245793
area,dist_incenter__steiner_focus_1,dist_orthocenter__steiner_focus_2,0.11911310122910786,0.25831597014761937,0.133433211515065,1.043240040001549,0.4611139650445867
area,dist_centroid__steiner_focus_2,dist_orthocenter__steiner_focus_2,0.07042952998330863,0.1523510051270799,0.04334422937214686,1.8900203402027556,0.462284642786318
dist_incenter__steiner_focus_2,dist_orthocenter__steiner_focus_2,perimeter,0.06362331855072793,0.13740395394158458,0.05804955950890525,1.2709938889293058,0.46303848416019033
dist_centroid__steiner_focus_2,dist_orthocenter__steiner_focus_2,perimeter,0.14217208794614591,0.30582244962014205,0.14066525404798588,1.1634028799903153,0.46488440636956496
dist_centroid__circumcenter,dist_centroid__steiner_focus_1,dist_incenter__steiner_focus_2,0.1428214408141019,0.30614551460634276,0.1639350357890222,0.996273145677245,0.46651488916226275
circumradius,dist_incenter__orthocenter,dist_incenter__steiner_focus_2,0.05192367410472478,0.11125451132578944,0.049338466916584195,1.2025269719339762,0.4667107291737173
dist_circumcenter__orthocenter,dist_circumcenter__steiner_focus_1,perimeter,0.051504017973265155,0.11012451060271387,0.01666357503659486,3.5178821171754753,0.46768896126196186
dist_centroid__circumcenter,dist_centroid__steiner_focus_2,dist_incenter__steiner_focus_1,0.1447762107724829,0.309427124776386,0.16297036324310907,1.0103120023012226,0.46788467842665205
dist_centroid__steiner_focus_1,dist_incenter__steiner_focus_2,inradius,0.1751727794271757,0.3723894126744891,0.0037902003713720343,52.03330006954802,0.4704021474968644
dist_incenter__orthocenter,inradius,semiperimeter,0.10852185537396679,0.23060682942441155,0.08505280803411443,1.435402038713135,0.47059254769182
dist_centroid__steiner_focus_2,dist_incenter__steiner_focus_2,dist_orthocenter__steiner_focus_1,0.1311764524729895,0.27648852391427964,0.22039193217012076,0.659334804184772,0.47443724106848806
dist_centroid__circumcenter,dist_centroid__steiner_focus_2,semiperimeter,0.060958356711042466,0.1284269419313682,0.0430951583053871,1.5655722794245273,0.47465396118844616
dist_centroid__incenter,dist_incenter__steiner_focus_2,inradius,0.12422732961761662,0.2611376424770279,0.07539780804750225,1.815839430944131,0.47571590384004026
dist_circumcenter__incenter,dist_orthocenter__steiner_focus_1,semiperimeter,0.054287923265070946,0.1137470632275361,0.02975658120702317,1.998184520889502,0.47726879028494185
dist_centroid__circumcenter,dist_steiner_focus_1__steiner_focus_2,perimeter,0.07691488115587132,0.16103242636905876,0.03387857715692607,2.4829125740303004,0.4776359823306368
dist_centroid__orthocenter,dist_circumcenter__steiner_focus_2,dist_steiner_focus_1__steiner_focus_2,0.085095592611035,0.17774900309980313,0.1055450064186855,0.8778568843060389,0.4787401961588231
area,dist_incenter__steiner_focus_1,dist_steiner_focus_1__steiner_focus_2,0.14425368626049803,0.3008546473022536,0.04619705815582164,3.3898470442326443,0.4794796675205538
area,dist_centroid__circumcenter,dist_circumcenter__steiner_focus_1,0.0479246756546379,0.09984973013387938,0.04858200733143043,1.06881245406359,0.47996800382314586
dist_circumcenter__incenter,dist_circumcenter__steiner_focus_1,inradius,0.06725596347339562,0.14004508360462878,0.12562873566035415,0.5793986522957894,0.4802450878123698
area,dist_circumcenter__steiner_focus_1,perimeter,0.060436173882247736,0.1256665758480374,0.0163565683356401,3.9880249100696785,0.48092480816323285
dist_incenter__steiner_focus_2,dist_steiner_focus_1__steiner_focus_2,inradius,0.14249732807736062,0.2954328542479398,0.06904309013772836,2.2150735991900237,0.48233406010345353
circumradius,dist_centroid__circumcenter,dist_orthocenter__steiner_focus_1,0.052256462425501034,0.10809298163405995,0.04522955521664976,1.2345140017650351,0.48343992029391014
dist_incenter__steiner_focus_2,dist_orthocenter__steiner_focus_1,perimeter,0.06033022228215181,0.12473660495089121,0.03465300039039191,1.8586091231106525,0.4836609294112487
area,circumradius,semiperimeter,0.08757622565538407,0.18078921583078164,0.06345062234640873,1.4690634501029975,0.484410672688327
dist_centroid__steiner_focus_1,dist_circumcenter__steiner_focus_2,dist_orthocenter__steiner_focus_1,0.05462850563260449,0.11233124797336287,0.031829058763798955,1.8128950268044708,0.4863161997947228
dist_circumcenter__orthocenter,dist_circumcenter__steiner_focus_2,dist_steiner_focus_1__steiner_focus_2,0.04540010352180796,0.09330318475639209,0.03576620344997661,1.3393392816093108,0.48658685810505153
dist_circumcenter__steiner_focus_2,dist_incenter__orthocenter,inradius,0.07910244409045109,0.16251536587451812,0.019106249535166427,4.365740206132006,0.48673824573319374
dist_centroid__circumcenter,dist_incenter__steiner_focus_1,dist_incenter__steiner_focus_2,0.06162740502709924,0.12657505887538179,0.01684939791041729,3.854597902761148,0.4868842691021293
dist_circumcenter__incenter,dist_incenter__steiner_focus_1,dist_incenter__steiner_focus_2,0.06362619477129933,0.129949591502128,0.03529644140730519,1.879039191670522,0.48962212220772855
dist_centroid__steiner_focus_1,dist_circumcenter__steiner_focus_1,dist_incenter__steiner_focus_1,0.10247090406826308,0.20922692237669635,0.11271984804238966,0.947091574043698,0.4897596490176938
dist_centroid__incenter,dist_incenter__steiner_focus_1,dist_incenter__steiner_focus_2,0.10085913488160149,0.20558264663234216,0.02010272007168314,5.209419987808271,0.49060140305506883
dist_circumcenter__steiner_focus_1,dist_orthocenter__steiner_focus_2,inradius,0.09272709780317291,0.188741726265046,0.047362152838321875,2.0272437528258918,0.4912909277567919
area,dist_centroid__incenter,dist_incenter__steiner_focus_2,0.10832833488490239,0.2203804612219112,0.033210217149027416,3.374025705227596,0.4915514482739085
dist_incenter__steiner_focus_2,dist_orthocenter__steiner_focus_2,semiperimeter,0.08619187274207692,0.17525009558786767,0.08642133252689797,1.0305120303262167,0.4918221154342347
dist_centroid__incenter,dist_incenter__steiner_focus_1,dist_steiner_focus_1__steiner_focus_2,0.1098874471337524,0.22296009603970113,0.006283085327739592,17.996357363911184,0.4928570138137428
dist_centroid__orthocenter,dist_centroid__steiner_focus_1,dist_incenter__steiner_focus_2,0.1065915896867306,0.21536951930389922,0.11790956436173215,0.9225539099054866,0.49492421226201244
dist_centroid__steiner_focus_2,dist_orthocenter__steiner_focus_1,inradius,0.052807567402201154,0.10664930282432189,0.013491635000721425,3.9907494843465385,0.49515154814643697
dist_centroid__incenter,dist_centroid__orthocenter,perimeter,0.1024993922834116,0.2065586583877236,0.10493147544880843,0.9916878196864588,0.49622413838016793
dist_centroid__steiner_focus_2,dist_incenter__steiner_focus_2,inradius,0.14292844388480747,0.2878685600609708,0.06404080434251119,2.2632463421442384,0.4965059187239312
dist_centroid__circumcenter,dist_circumcenter__incenter,dist_orthocenter__steiner_focus_1,0.0727658990124619,0.14562289404448445,0.07022220531630514,1.037520748655634,0.49968721944389866
dist_centroid__circumcenter,dist_centroid__steiner_focus_2,dist_incenter__steiner_focus_2,0.06807930181920233,0.13613549157371127,0.037627614771263695,1.8086766904630807,0.5000848862571626
area,dist_incenter__steiner_focus_2,dist_steiner_focus_1__steiner_focus_2,0.14550373761087962,0.2907321560306357,0.040965854067280254,3.545109011549966,0.5004734928445523
area,dist_circumcenter__incenter,dist_circumcenter__steiner_focus_1,0.06646523983670226,0.13276500261345833,0.04230205164515982,1.5672942611127954,0.5006231953326885
dist_centroid__orthocenter,dist_circumcenter__orthocenter,dist_incenter__orthocenter,0.08295008371675511,0.16528167124618484,0.173619370972192,0.4742073828997831,0.5018710368265944
dist_centroid__incenter,dist_centroid__steiner_focus_1,dist_incenter__steiner_focus_2,0.11587331442924244,0.22835661672418964,0.022425615999202703,5.015840024146775,0.5074226273425432
area,dist_centroid__steiner_focus_2,dist_incenter__steiner_focus_2,0.14260684165139612,0.28063961585188535,0.12084236990789002,1.1422547762486146,0.5081493616591197
dist_centroid__steiner_focus_2,dist_incenter__steiner_focus_1,inradius,0.15718287062305702,0.30827656583528706,0.07641769773357768,1.9772081558777448,0.5098761568112193
area,dist_centroid__circumcenter,perimeter,0.06442903903195539,0.1262180808025812,0.01457508048107478,4.239361961044172,0.5104580787655091
dist_centroid__steiner_focus_2,dist_circumcenter__steiner_focus_2,dist_steiner_focus_1__steiner_focus_2,0.0956560669094308,0.18648562371947008,0.10592047634114785,0.857525947272897,0.5129407028893874
dist_centroid__steiner_focus_2,dist_circumcenter__steiner_focus_2,perimeter,0.08055367766166131,0.15661958050315503,0.04725783134620587,1.609593599085048,0.5143269915733084
dist_centroid__incenter,dist_orthocenter__steiner_focus_2,semiperimeter,0.06035362694883988,0.11715145735047054,0.03604082094931609,1.575930539470923,0.5151760662121841
dist_centroid__circumcenter,dist_centroid__incenter,perimeter,0.16984466274686777,0.32962713883337585,0.1265990935491943,1.2621139030858801,0.5152629827385755
dist_centroid__orthocenter,dist_centroid__steiner_focus_2,semiperimeter,0.10179332254479449,0.19731581253295635,0.07878136565846498,1.2125010678575112,0.515890344712199
dist_incenter__orthocenter,dist_orthocenter__steiner_focus_1,dist_steiner_focus_1__steiner_focus_2,0.06369435304712176,0.12329253466115613,0.010829088495964145,5.503527063819434,0.5166115955209489
dist_centroid__circumcenter,dist_circumcenter__steiner_focus_1,dist_incenter__orthocenter,0.053003767345065095,0.10253952140334245,0.06443888065490036,0.7687246202112658,0.5169106176785544
dist_centroid__incenter,dist_circumcenter__orthocenter,dist_incenter__steiner_focus_2,0.1319158640212762,0.25479336605304964,0.2165350879944723,0.5674715500838842,0.5177366509370203
dist_centroid__steiner_focus_2,dist_circumcenter__orthocenter,perimeter,0.07271523606026994,0.14014506454771172,0.023873838851845425,2.8244233743007574,0.5188569165453157
area,dist_centroid__steiner_focus_1,dist_orthocenter__steiner_focus_2,0.13927183402657714,0.26772646197169037,0.12694397921864853,1.0119001211066714,0.5202019740630042
dist_centroid__incenter,dist_incenter__steiner_focus_2,dist_orthocenter__steiner_focus_2,0.06471538260366126,0.12430871183474455,0.011626216661741297,5.125771432351563,0.5206021496682678
dist_circumcenter__steiner_focus_2,dist_incenter__steiner_focus_1,dist_steiner_focus_1__steiner_focus_2,0.13564339930763078,0.2586573420331795,0.0943071390205288,1.3043969311673325,0.5244134894505759
dist_centroid__incenter,dist_centroid__steiner_focus_1,dist_orthocenter__steiner_focus_1,0.12117122062423404,0.23033041445279281,0.08074392807391866,1.3519182981614022,0.5260756418647811
dist_circumcenter__steiner_focus_2,inradius,perimeter,0.1152951091619039,0.21886597165952423,0.08556635453205425,1.2104157418418635,0.5267840783457244
dist_centroid__incenter,dist_centroid__steiner_focus_1,dist_circumcenter__orthocenter,0.10197019094688113,0.193048684174467,0.1143522294188385,0.7964732623969419,0.5282097175794577
dist_centroid__circumcenter,dist_incenter__steiner_focus_1,perimeter,0.10361724273917558,0.19459181386373248,0.07609297394606836,1.1955712387984208,0.5324851065509673
circumradius,dist_incenter__steiner_focus_2,semiperimeter,0.17181244431869694,0.32190674358662213,0.2033572787088459,0.7380817653584986,0.5337335975145976
dist_centroid__circumcenter,dist_centroid__incenter,dist_incenter__steiner_focus_2,0.08026463166353395,0.14967774792624744,0.01798394013479491,3.8597279429558706,0.5362495947165355
dist_centroid__incenter,dist_circumcenter__orthocenter,dist_steiner_focus_1__steiner_focus_2,0.10670419762132721,0.19892461848493034,0.01862818310241619,4.950585913644019,0.5364051892320741
dist_centroid__incenter,dist_orthocenter__steiner_focus_1,dist_steiner_focus_1__steiner_focus_2,0.12660929322332296,0.2338489670487031,0.12562410027723195,0.8536552587339501,0.5414148064077374
dist_incenter__orthocenter,dist_steiner_focus_1__steiner_focus_2,semiperimeter,0.060923298489443535,0.1111807911398619,0.025096365161274264,2.0025805461250528,0.5479660457965617
area,dist_circumcenter__steiner_focus_1,semiperimeter,0.061515743061469494,0.11223075514983162,0.020940823790299653,2.421825072223504,0.5481184099611913
dist_centroid__orthocenter,dist_centroid__steiner_focus_2,dist_circumcenter__steiner_focus_2,0.04446729198467293,0.08108801061863317,0.03679555727842762,0.9952483762334567,0.5483830673045864
dist_centroid__circumcenter,dist_orthocenter__steiner_focus_1,dist_steiner_focus_1__steiner_focus_2,0.06059869384015401,0.1102621070226716,0.05561346777796036,0.8930105452298233,0.5495876641255729
dist_centroid__steiner_focus_1,dist_incenter__steiner_focus_1,inradius,0.1646719504612042,0.2986672244283568,0.04273990079265581,3.135133013462156,0.5513559473302874
dist_centroid__incenter,dist_centroid__orthocenter,dist_steiner_focus_1__steiner_focus_2,0.12027068321199565,0.21813417739490018,0.11092531708862054,0.8822466931036074,0.5513610230562956
dist_circumcenter__steiner_focus_1,dist_incenter__steiner_focus_1,dist_steiner_focus_1__steiner_focus_2,0.1102600055284901,0.19996605636112133,0.11976942957062717,0.7489895472845366,0.5513936091701989
circumradius,dist_steiner_focus_1__steiner_focus_2,semiperimeter,0.06074676256335357,0.10873266392998149,0.00582689836485279,8.23523912070847,0.5586799804929962
dist_circumcenter__incenter,dist_incenter__steiner_focus_2,dist_steiner_focus_1__steiner_focus_2,0.12931319537021,0.2306771174002796,0.1287556095881487,0.7872582977495347,0.5605809402664803
dist_circumcenter__incenter,dist_steiner_focus_1__steiner_focus_2,semiperimeter,0.06500608105176199,0.11561373921854468,0.01966891766106839,2.572976258218458,0.5622695147752378
dist_centroid__incenter,dist_circumcenter__incenter,dist_steiner_focus_1__steiner_focus_2,0.11500465116291084,0.20380451239830696,0.11561563684036479,0.7680609964377544,0.5642890327087096
dist_centroid__incenter,dist_circumcenter__steiner_focus_2,dist_incenter__steiner_focus_1,0.0928646240281004,0.16453028879753587,0.057853300481318495,1.2387480778659663,0.5644226647068963
area,dist_centroid__circumcenter,dist_centroid__incenter,0.06992803355153224,0.12386711836208579,0.013638754513427512,3.9548394802069278,0.5645407310366264
circumradius,dist_steiner_focus_1__steiner_focus_2,inradius,0.10314849134996446,0.18217553429412367,0.09559171000424645,0.826714397520963,0.5662038634860294
circumradius,dist_circumcenter__orthocenter,perimeter,0.06656509292611068,0.11708854307123413,0.007825806283122062,6.456005722258615,0.5685021880032611
circumradius,dist_centroid__incenter,dist_steiner_focus_1__steiner_focus_2,0.11451218318776098,0.20085520597680404,0.159341382834688,0.5418744412342738,0.5701230527277721
circumradius,dist_circumcenter__steiner_focus_2,inradius,0.05575024458349125,0.09773252841044815,0.01627194837396492,2.5800403775941456,0.5704369414178713
dist_circumcenter__orthocenter,dist_incenter__steiner_focus_1,dist_orthocenter__steiner_focus_2,0.07581074919130355,0.13242107054856866,0.021723915632800073,2.60589860106948,0.572497631058632
dist_centroid__incenter,dist_centroid__steiner_focus_1,dist_incenter__orthocenter,0.13878500515442133,0.24188656117772248,0.12599524810009513,0.8182971784887759,0.5737607103044107
dist_centroid__orthocenter,dist_incenter__steiner_focus_1,dist_incenter__steiner_focus_2,0.07595035625844264,0.13143983675486684,0.0459110993599215,1.2086288777668486,0.5778336167602584
circumradius,dist_centroid__circumcenter,dist_centroid__incenter,0.062017124774042996,0.10588217376337206,0.006690442960334625,6.5563744059085645,0.5857182807054974
dist_circumcenter__steiner_focus_2,dist_incenter__steiner_focus_1,inradius,0.08211212722113907,0.1399189914247502,0.03411426613736966,1.6945070420344752,0.58685476778397
dist_centroid__orthocenter,dist_incenter__steiner_focus_2,semiperimeter,0.0657662769121896,0.11198274914761495,0.03994784101406488,1.1569204007584142,0.587289358519828
circumradius,dist_incenter__orthocenter,perimeter,0.11163412854268837,0.18914813371404662,0.15349078660167467,0.5050075440196652,0.5901941845826318
dist_centroid__steiner_focus_1,dist_circumcenter__orthocenter,dist_incenter__steiner_focus_1,0.07952444466920619,0.13347359794381106,0.026341097895695716,2.0480981274292467,0.5958065557106202
dist_circumcenter__orthocenter,dist_circumcenter__steiner_focus_2,dist_orthocenter__steiner_focus_1,0.07371023933290526,0.12349933888909635,0.0708782721550489,0.702459273376128,0.5968472381791273
dist_centroid__steiner_focus_2,dist_incenter__orthocenter,dist_incenter__steiner_focus_2,0.11783000135092712,0.19593503012170965,0.09619914729225629,0.8119097826667505,0.6013728187232995
area,dist_centroid__steiner_focus_1,dist_incenter__steiner_focus_1,0.1470069060406154,0.24444233549071237,0.07427519593453419,1.3118165253441554,0.6013970769241033
dist_centroid__circumcenter,dist_centroid__steiner_focus_1,dist_incenter__steiner_focus_1,0.1455962353367347,0.24041197476740597,0.07250255707724577,1.3077571778558454,0.6056114113184099
dist_circumcenter__orthocenter,dist_circumcenter__steiner_focus_1,dist_orthocenter__steiner_focus_2,0.09909685098827468,0.1635704516636721,0.05023415553782236,1.283461421519346,0.6058358950553869
dist_centroid__circumcenter,dist_incenter__steiner_focus_2,dist_steiner_focus_1__steiner_focus_2,0.14585439409913087,0.24066488694965202,0.12133251268157777,0.7814104460140837,0.6060476704673754
dist_circumcenter__orthocenter,dist_incenter__steiner_focus_2,perimeter,0.07959435980317957,0.13031892401642875,0.01593150024871796,3.1839163557324794,0.6107659375176044
area,dist_circumcenter__steiner_focus_2,semiperimeter,0.07342538624063338,0.12001940039594818,0.027174187254629247,1.7146424185097675,0.6117793123311771
dist_centroid__steiner_focus_1,dist_circumcenter__orthocenter,semiperimeter,0.09814799464687524,0.16025897626073957,0.011458469384623776,5.420530397996404,0.6124336803898557
dist_circumcenter__incenter,dist_incenter__steiner_focus_2,semiperimeter,0.06200746065165861,0.10121210120279382,0.01091163493666322,3.592920838966777,0.6126486844435454
dist_centroid__orthocenter,dist_centroid__steiner_focus_1,perimeter,0.09269290379801078,0.15120633427415273,0.018641310694135098,3.138911819894261,0.6130226239725444
dist_circumcenter__steiner_focus_1,dist_incenter__steiner_focus_2,semiperimeter,0.06516699369535188,0.10619640982781059,0.01859133658173607,2.2069105118975454,0.6136459208085773
dist_centroid__incenter,dist_incenter__steiner_focus_2,semiperimeter,0.16683929334483172,0.2701495173658685,0.024972657696148568,4.136933492544124,0.6175813119032086
circumradius,dist_incenter__steiner_focus_1,semiperimeter,0.09248903486775906,0.1493505418917603,0.041303038280520045,1.3766906598447293,0.6192748529482349
dist_circumcenter__incenter,dist_circumcenter__orthocenter,dist_circumcenter__steiner_focus_2,0.09327544452783493,0.15051837845589947,0.06938503479109809,0.8250040387009887,0.6196947209018984
dist_centroid__orthocenter,dist_circumcenter__orthocenter,dist_orthocenter__steiner_focus_2,0.05538414977789326,0.08872916309161882,0.024524980818647242,1.3596346337760286,0.6241933074552434
dist_centroid__incenter,dist_incenter__steiner_focus_1,inradius,0.14838715910561073,0.23594638315697272,0.050889318086523944,1.7205815944023948,0.6289020290126265
dist_centroid__steiner_focus_1,dist_incenter__orthocenter,dist_incenter__steiner_focus_2,0.14857014626894954,0.23534551152583752,0.177563195301544,0.48870130496087905,0.6312852338067161
dist_centroid__incenter,dist_centroid__orthocenter,dist_incenter__steiner_focus_1,0.1262924680751923,0.1993173227969902,0.1363707349937776,0.5354877256115831,0.6336251475935406
dist_centroid__circumcenter,dist_centroid__steiner_focus_1,semiperimeter,0.0753773706388964,0.11870824990289965,0.05212544940752012,0.8312806845124663,0.6349800515175077
dist_centroid__circumcenter,dist_incenter__orthocenter,perimeter,0.0759708812958496,0.11949604597262216,0.029263376111089926,1.4873596440664223,0.6357606285420971
circumradius,dist_orthocenter__steiner_focus_2,semiperimeter,0.07753400216466697,0.12166200361644296,0.01600121423884192,2.75779080219163,0.6372901962810353
dist_centroid__incenter,dist_circumcenter__steiner_focus_2,perimeter,0.08439644388417797,0.13194448890758845,0.04594427792204124,1.0349067865228077,0.6396359907331008
dist_centroid__circumcenter,dist_circumcenter__orthocenter,inradius,0.09193025886671691,0.1426891587821878,0.03401873695185267,1.4920865518114583,0.6442694010625337
area,dist_circumcenter__incenter,dist_incenter__orthocenter,0.057791509894423984,0.08888847529478895,0.01978671141490651,1.5716085785199134,0.650157511452016
dist_orthocenter__steiner_focus_2,dist_steiner_focus_1__steiner_focus_2,inradius,0.07640108598047846,0.1173669261492279,0.021717667718075064,1.8862909544681272,0.6509592479514814
dist_circumcenter__incenter,inradius,perimeter,0.0497553167689432,0.07630953269961566,0.008721854455975217,3.0445607714172005,0.6520196757697325
circumradius,dist_centroid__steiner_focus_1,dist_incenter__orthocenter,0.09442918819951265,0.1443871782780194,0.03934740802654989,1.26966406643094,0.6539998171976741
area,dist_circumcenter__incenter,dist_orthocenter__steiner_focus_1,0.04454187400066972,0.06801985011361206,0.017775856686883668,1.3207788815188923,0.6548364032892223
dist_centroid__incenter,dist_centroid__orthocenter,dist_circumcenter__orthocenter,0.0536026567189144,0.08155615997374459,0.02443187985028009,1.144140501104737,0.6572484130710755
dist_centroid__circumcenter,dist_centroid__steiner_focus_2,perimeter,0.08539549369201621,0.12959527457390876,0.03947056938561899,1.1198161457989162,0.6589398724049523
dist_centroid__steiner_focus_2,dist_circumcenter__incenter,dist_incenter__steiner_focus_2,0.13388813336647937,0.2022637187247678,0.058337409485832215,1.172070991168953,0.6619483425431768
dist_centroid__incenter,dist_centroid__steiner_focus_1,dist_circumcenter__steiner_focus_1,0.08808493527225206,0.13229495053324797,0.013334063744079987,3.3155695150043156,0.6658223531374677
dist_circumcenter__orthocenter,dist_circumcenter__steiner_focus_1,semiperimeter,0.10242937710493158,0.1531721374878411,0.12435081406243195,0.4080613445556813,0.6687206876189379
area,dist_centroid__steiner_focus_2,dist_incenter__steiner_focus_1,0.17073606525339285,0.25404929778028457,0.019031904711200438,4.377556203182395,0.6720587962461307
dist_centroid__steiner_focus_2,dist_circumcenter__steiner_focus_2,dist_incenter__steiner_focus_1,0.08646748981547904,0.12854000935642798,0.03661404210287612,1.1490815305979027,0.6726893069978994
dist_centroid__orthocenter,dist_centroid__steiner_focus_2,dist_circumcenter__steiner_focus_1,0.07703702205959352,0.1134597612916048,0.037041311322699305,0.9833004807713447,0.6789809989252437
dist_centroid__circumcenter,dist_centroid__incenter,dist_centroid__steiner_focus_1,0.11175133848856936,0.1644948919391714,0.10606413572311228,0.49727981179512676,0.679360539231175
dist_incenter__steiner_focus_1,dist_orthocenter__steiner_focus_2,dist_steiner_focus_1__steiner_focus_2,0.09416204475364594,0.1375921650072703,0.03285345647154535,1.3219345821721853,0.6843561531913569
circumradius,dist_centroid__steiner_focus_1,perimeter,0.08865114723815588,0.12950623563826524,0.008019574173319341,5.094421164658826,0.6845318822004437
dist_centroid__steiner_focus_1,dist_orthocenter__steiner_focus_2,semiperimeter,0.11367191484233567,0.16585459412567927,0.06527043145936455,0.7994842092599157,0.6853709144541318
dist_incenter__steiner_focus_1,dist_orthocenter__steiner_focus_1,perimeter,0.1295265040977899,0.1886479604094966,0.14215639629029947,0.4158902297366486,0.6866043174632144
circumradius,dist_circumcenter__steiner_focus_2,semiperimeter,0.09966305003026582,0.14448758603077747,0.04456346342123442,1.0058584445470373,0.6897689467179311
dist_centroid__orthocenter,dist_incenter__steiner_focus_1,perimeter,0.14312998038576627,0.20436586309081609,0.07736565355015232,0.791512510979483,0.7003614900310536
circumradius,dist_incenter__steiner_focus_2,dist_steiner_focus_1__steiner_focus_2,0.0796173784654098,0.11368024547119981,0.0061244363850810404,5.561796198710828,0.7003624784182962
dist_incenter__steiner_focus_1,dist_steiner_focus_1__steiner_focus_2,inradius,0.17926503381380277,0.25580130713554144,0.014877670197242553,5.14437222408143,0.7007979584670988
dist_centroid__incenter,dist_centroid__steiner_focus_2,dist_circumcenter__steiner_focus_1,0.09785177356487967,0.13912329013130653,0.03817106060176346,1.0812253030380865,0.7033457408355264
dist_centroid__incenter,dist_orthocenter__steiner_focus_1,semiperimeter,0.10815861682582753,0.1528956782987496,0.05567320614865628,0.8035653875127475,0.7074013996294366
dist_centroid__incenter,dist_centroid__steiner_focus_1,dist_circumcenter__steiner_focus_2,0.08483044487989873,0.11979780847933386,0.011249425506748302,3.108368829897928,0.7081134952024828
dist_orthocenter__steiner_focus_1,dist_steiner_focus_1__steiner_focus_2,semiperimeter,0.09424874901476955,0.13257739668251264,0.03315767571474563,1.1559509779118162,0.7108960605137696
dist_circumcenter__steiner_focus_2,dist_incenter__steiner_focus_2,dist_steiner_focus_1__steiner_focus_2,0.13306445260022712,0.18623858498741278,0.11829004031624726,0.449523326266735,0.7144838037145765
dist_circumcenter__orthocenter,dist_circumcenter__steiner_focus_1,dist_incenter__orthocenter,0.08221686916922145,0.11503610623041138,0.061256880235295026,0.5357640959697474,0.7147049032113909
dist_circumcenter__steiner_focus_2,dist_incenter__steiner_focus_1,perimeter,0.08516362223010134,0.11897697730898261,0.02020854878259715,1.6732203505874743,0.7157991752381794
dist_centroid__incenter,dist_circumcenter__incenter,dist_incenter__orthocenter,0.0766733180720563,0.10670593187154932,0.016810878020971837,1.78649882308508,0.718547851344893
circumradius,inradius,perimeter,0.1461049559991783,0.2024990414037909,0.11208898955287903,0.5031188668000988,0.721509371038648
dist_centroid__steiner_focus_2,dist_circumcenter__steiner_focus_1,perimeter,0.07503029298657792,0.10359831100324328,0.02710098778197312,1.054131983914921,0.7242424346496247
dist_centroid__orthocenter,dist_circumcenter__incenter,dist_steiner_focus_1__steiner_focus_2,0.07279983227020709,0.09992500587428367,0.033186874135577034,0.8173464452621593,0.7285446884216055
dist_circumcenter__incenter,dist_incenter__steiner_focus_1,semiperimeter,0.08677379077767516,0.11884866153994374,0.010333921612679271,3.1038430485977466,0.7301200506032745
area,dist_incenter__orthocenter,dist_incenter__steiner_focus_2,0.08516418897948812,0.1160330116762931,0.04749017695876807,0.6500043729802464,0.7339651686114785
circumradius,dist_centroid__incenter,dist_centroid__steiner_focus_2,0.09122037718017621,0.12376739907477086,0.0335457502011809,0.9702278738559528,0.7370307355741377
dist_circumcenter__incenter,dist_incenter__steiner_focus_2,perimeter,0.12201562635770527,0.16434858441291902,0.11864960321338683,0.3567897144930146,0.7424196977026954
dist_circumcenter__steiner_focus_2,dist_incenter__steiner_focus_2,perimeter,0.17018588305781476,0.22902899087289086,0.10083117735873538,0.5835804892540838,0.7430757233361189
dist_centroid__incenter,dist_circumcenter__steiner_focus_2,dist_steiner_focus_1__steiner_focus_2,0.09436140789089757,0.126081897208821,0.017563418762724707,1.8060543762268324,0.748413610358457
dist_centroid__steiner_focus_1,dist_orthocenter__steiner_focus_1,semiperimeter,0.08184407453127013,0.10883866637286162,0.014760489646262896,1.828841216553142,0.7519760877158042
dist_centroid__incenter,dist_centroid__steiner_focus_2,dist_circumcenter__incenter,0.09335111088926579,0.12413184757321039,0.02872407261438226,1.0716007126556475,0.7520319137617705
dist_centroid__incenter,dist_circumcenter__steiner_focus_1,dist_steiner_focus_1__steiner_focus_2,0.1238750235246621,0.16431942044336867,0.08072680662976339,0.5010033049392915,0.7538672129588883
dist_centroid__incenter,dist_incenter__steiner_focus_2,dist_orthocenter__steiner_focus_1,0.10662732639507498,0.14139175015815753,0.0169738820949792,2.0481127162634003,0.7541269294411034
dist_centroid__steiner_focus_1,dist_incenter__steiner_focus_1,dist_orthocenter__steiner_focus_2,0.1014344968299729,0.13431369289226155,0.038037549498219476,0.86438786136388,0.7552059261101368
dist_centroid__incenter,dist_centroid__steiner_focus_2,dist_orthocenter__steiner_focus_1,0.14136044326751673,0.18560437685563727,0.08391684308738104,0.5272354388027938,0.7616223586013093
area,dist_centroid__incenter,dist_orthocenter__steiner_focus_1,0.09386439119139704,0.12319006218725814,0.019919622417409917,1.4722001442271424,0.7619477539407045
dist_centroid__steiner_focus_2,dist_circumcenter__orthocenter,dist_incenter__steiner_focus_2,0.1375785854070955,0.18034316942467501,0.06401180638933555,0.6680733825487566,0.7628710632401232
dist_centroid__incenter,dist_orthocenter__steiner_focus_2,perimeter,0.15803183626895356,0.20536549366688428,0.13359247161502844,0.3543138084482145,0.7695150409507993
dist_circumcenter__incenter,dist_circumcenter__steiner_focus_1,dist_incenter__orthocenter,0.05597032584331644,0.07240442754807123,0.0222795686137857,0.737631055144669,0.7730235254764806
area,dist_incenter__steiner_focus_2,dist_orthocenter__steiner_focus_2,0.06840805688073522,0.08802500116889951,0.008510194299903647,2.305111210961,0.7771434930114464
dist_centroid__incenter,dist_centroid__orthocenter,dist_incenter__steiner_focus_2,0.10692506905611794,0.13743080692504916,0.003520576671370363,8.664983244650386,0.7780283871463537
area,dist_circumcenter__steiner_focus_2,perimeter,0.11639617099450586,0.14951448887786778,0.022030246259456408,1.5033112881861679,0.7784942574333722
area,dist_circumcenter__incenter,dist_incenter__steiner_focus_1,0.13947817951503935,0.1790823349913263,0.07898324700276814,0.5014247575172358,0.778849457830639
circumradius,dist_centroid__steiner_focus_1,semiperimeter,0.09391366122061894,0.11964905811481814,0.02504922333765426,1.0273930072519848,0.7849093231515212
area,circumradius,dist_incenter__steiner_focus_2,0.09171758085344163,0.11649492941248406,0.018564178526965833,1.3346859664730928,0.7873096392778518
dist_centroid__orthocenter,dist_incenter__steiner_focus_1,semiperimeter,0.13056887213144963,0.16568418657255574,0.023582454805012348,1.4890440682045747,0.7880587449682257
dist_centroid__steiner_focus_2,dist_orthocenter__steiner_focus_1,perimeter,0.09253515123958013,0.11669979277613496,0.016952697638524895,1.4254157097476237,0.7929332952380659
dist_centroid__incenter,dist_centroid__orthocenter,semiperimeter,0.15410361778722825,0.19416695130798814,0.14900727747113238,0.26886830093598263,0.7936655375650858
dist_centroid__circumcenter,inradius,semiperimeter,0.11209075183434979,0.14082477683632302,0.030401998742096162,0.9451360499593284,0.7959590233516219
dist_centroid__incenter,dist_centroid__steiner_focus_2,dist_orthocenter__steiner_focus_2,0.11415074984027426,0.14255478114026743,0.02336344873277137,1.2157465117789519,0.8007500620267174
dist_centroid__circumcenter,dist_centroid__incenter,dist_steiner_focus_1__steiner_focus_2,0.12691299254027955,0.15723705018941472,0.06799394631551882,0.445981727673513,0.80714432372901
dist_centroid__incenter,dist_centroid__steiner_focus_2,dist_incenter__orthocenter,0.12218004988378596,0.1495934367457281,0.02396105057658304,1.1440811734996725,0.8167473957528089
circumradius,dist_centroid__incenter,semiperimeter,0.11016677811374258,0.13447921595164106,0.02819382182809353,0.862332109003843,0.8192104432952578
dist_centroid__steiner_focus_2,dist_circumcenter__incenter,dist_incenter__steiner_focus_1,0.16790857017008826,0.20361053448914646,0.1304471727502829,0.2736890617583797,0.8246556131850766
dist_incenter__steiner_focus_2,dist_orthocenter__steiner_focus_1,dist_steiner_focus_1__steiner_focus_2,0.21237457904361742,0.2569426729220214,0.17298332743689576,0.25764386972300773,0.8265446008965207
dist_centroid__incenter,dist_incenter__steiner_focus_1,dist_orthocenter__steiner_focus_1,0.10771716678773458,0.13029154350200814,0.018609214696938894,1.213075193226016,0.8267395096603055
dist_centroid__incenter,dist_incenter__steiner_focus_1,dist_orthocenter__steiner_focus_2,0.1288354935148736,0.15580456724078132,0.0615917745085051,0.4378681072451256,0.8269044726767891
area,dist_centroid__incenter,dist_circumcenter__steiner_focus_2,0.08145418263442435,0.09812393675479554,0.00498643483027635,3.3430205523105876,0.830115314655305
dist_circumcenter__steiner_focus_1,inradius,perimeter,0.08303931145851927,0.10000931941956033,0.012241913812176933,1.3862218131417599,0.8303157339782679
dist_centroid__steiner_focus_2,dist_circumcenter__steiner_focus_2,dist_incenter__steiner_focus_2,0.08812778425612695,0.10603537790062482,0.028647469505142558,0.6251021103725496,0.8311168027214401
dist_centroid__circumcenter,dist_incenter__steiner_focus_1,semiperimeter,0.2507670141476624,0.30013625045278114,0.24398084375246415,0.20234882192311512,0.8355105848405814
dist_centroid__orthocenter,dist_centroid__steiner_focus_2,dist_incenter__steiner_focus_1,0.14608202299932033,0.17345515909696183,0.04855390515861213,0.5637679607483901,0.8421889770235093
dist_centroid__orthocenter,dist_orthocenter__steiner_focus_1,dist_orthocenter__steiner_focus_2,0.10393423357502629,0.12278285412283545,0.03696096867008544,0.5099601343258189,0.8464881706614145
area,dist_centroid__orthocenter,dist_orthocenter__steiner_focus_2,0.06491357935507379,0.07666449746250534,0.03421591451846844,0.3434342840986715,0.8467228183008879
dist_centroid__incenter,dist_circumcenter__steiner_focus_1,semiperimeter,0.145335839932576,0.17148966381350514,0.012103928729901273,2.160771470532482,0.8474903775578487
dist_circumcenter__steiner_focus_1,dist_incenter__steiner_focus_2,dist_steiner_focus_1__steiner_focus_2,0.1434565942705271,0.16795889356830393,0.07204767270632235,0.340084535383288,0.8541172856213626
dist_circumcenter__steiner_focus_1,dist_incenter__steiner_focus_2,inradius,0.0927522782429097,0.10522043716260644,0.019382722339793823,0.6432614934641512,0.8815043991840806
dist_incenter__steiner_focus_1,dist_incenter__steiner_focus_2,dist_orthocenter__steiner_focus_2,0.18267912152076912,0.20486088087591622,0.1083811937925857,0.20466428334049724,0.8917228156966555
dist_centroid__incenter,dist_circumcenter__incenter,semiperimeter,0.20467231286006574,0.22854192189922737,0.1040550837186339,0.2293939727510606,0.895556977727322
dist_circumcenter__steiner_focus_1,inradius,semiperimeter,0.09820797102958527,0.10945745649735078,0.027634245070750334,0.40708495705108333,0.897225042242437
dist_incenter__steiner_focus_2,dist_orthocenter__steiner_focus_2,dist_steiner_focus_1__steiner_focus_2,0.19009890017795678,0.21078086996533027,0.08776312223966766,0.2356567230014242,0.9018792844399242
dist_centroid__steiner_focus_2,dist_incenter__orthocenter,semiperimeter,0.0995006099471679,0.10960353291017756,0.013369083158056478,0.7556930302226024,0.9078230172444421
circumradius,dist_steiner_focus_1__steiner_focus_2,perimeter,0.10013506991223212,0.10997171292142771,0.03448605558999352,0.28523537531064574,0.9105529708696667
dist_centroid__circumcenter,dist_incenter__steiner_focus_1,dist_steiner_focus_1__steiner_focus_2,0.15869631728782355,0.1739195508810155,0.0678532607212902,0.22435522525176707,0.9124696820105827
dist_centroid__incenter,dist_centroid__steiner_focus_2,dist_circumcenter__steiner_focus_2,0.10248776395546083,0.11213381595572995,0.04069520482143673,0.2370316611648539,0.9139773143537954
dist_centroid__orthocenter,dist_incenter__steiner_focus_1,dist_orthocenter__steiner_focus_1,0.09051330811608534,0.09845886569620926,0.030594290334937182,0.2597072033094518,0.919300740223439
dist_circumcenter__steiner_focus_2,dist_steiner_focus_1__steiner_focus_2,inradius,0.12674941994337777,0.13684202920955288,0.03980988749351902,0.2535201655070784,0.9262462759104528
dist_centroid__orthocenter,dist_centroid__steiner_focus_2,dist_incenter__steiner_focus_2,0.12268065104038238,0.13220875546644947,0.02017143655176442,0.47235626484092225,0.9279313658732304
circumradius,dist_centroid__steiner_focus_2,dist_incenter__steiner_focus_1,0.14825983691954267,0.15929045114405524,0.06297437188511655,0.1751603691202446,0.9307515664291957
dist_centroid__steiner_focus_1,dist_circumcenter__orthocenter,perimeter,0.11163052840211932,0.11890967709365526,0.008987170582531238,0.8099488737517393,0.9387842195063505
dist_circumcenter__orthocenter,dist_incenter__steiner_focus_1,semiperimeter,0.17867139796351875,0.1892671397210122,0.07739557543890335,0.13690371442302676,0.944017002776541
dist_circumcenter__incenter,dist_circumcenter__steiner_focus_1,dist_circumcenter__steiner_focus_2,0.09537288605605283,0.10066809627844527,0.0378797819473162,0.13978988130811035,0.9473993209552108
dist_centroid__steiner_focus_1,dist_circumcenter__incenter,perimeter,0.10374147240587749,0.108985364101874,0.027030676617758993,0.1939977962871749,0.9518844411888665
dist_centroid__steiner_focus_2,dist_circumcenter__orthocenter,dist_incenter__orthocenter,0.11365700181595804,0.11939261499792271,0.03001947168487109,0.19106309538602714,0.9519600673620855
area,dist_centroid__steiner_focus_2,dist_incenter__orthocenter,0.1198714788682023,0.12548376863505972,0.026791259161075075,0.20948212001216773,0.9552747751529566
dist_incenter__orthocenter,dist_incenter__steiner_focus_2,semiperimeter,0.14920131502966968,0.15615628831901165,0.06879418055571997,0.10109827943526091,0.9554614587461655
dist_centroid__steiner_focus_2,dist_circumcenter__incenter,semiperimeter,0.11649025323498108,0.1204766223091644,0.04538248571000716,0.08783937265261549,0.9669116796455864
dist_circumcenter__incenter,dist_incenter__steiner_focus_1,perimeter,0.1360911147889661,0.13874636146601935,0.04746224457353725,0.05594439750819727,0.9808625851590094
area,circumradius,dist_circumcenter__steiner_focus_1,0.10805948786377902,0.11010621809000105,0.01674997459966653,0.12219303462482776,0.9814113111709183
dist_centroid__incenter,dist_circumcenter__steiner_focus_1,perimeter,0.10494042766214326,0.10639427898584508,0.02654934312195908,0.05476035007809042,0.9863352490607579
dist_circumcenter__orthocenter,dist_circumcenter__steiner_focus_1,dist_incenter__steiner_focus_1,0.06933095956776385,0.0694429161009094,0.018474169529563735,0.006060165950430991,0.9983877904409593
dist_incenter__steiner_focus_1,dist_orthocenter__steiner_focus_1,semiperimeter,0.12620819379920903,0.12449562568734812,0.05014759225105667,-0.03415055509120323,1.0137560504829444
dist_centroid__steiner_focus_1,dist_circumcenter__steiner_focus_1,perimeter,0.11238237131663499,0.1105104749092294,0.006587877235162553,-0.2841425759141981,1.0169386332738424
dist_centroid__incenter,dist_incenter__orthocenter,dist_incenter__steiner_focus_1,0.1619815456977371,0.15828877933687932,0.09469237891767285,-0.0389975033161679,1.0233292996277306
dist_centroid__orthocenter,dist_incenter__steiner_focus_1,dist_steiner_focus_1__steiner_focus_2,0.1475407856925368,0.14311033369877055,0.058485770144816866,-0.07575264859804366,1.0309582954581868
dist_centroid__steiner_focus_2,dist_circumcenter__steiner_focus_1,dist_incenter__steiner_focus_2,0.14296687552595347,0.13813339830493074,0.04428434903783649,-0.10914639880769195,1.0349913726899904
dist_centroid__steiner_focus_1,dist_incenter__orthocenter,dist_incenter__steiner_focus_1,0.12460721647625314,0.12027712507197368,0.029804554564565686,-0.1452828759745151,1.0360009553079053
dist_centroid__steiner_focus_1,dist_circumcenter__incenter,dist_incenter__steiner_focus_1,0.10981500141200606,0.10511955418965058,0.022529831616598894,-0.20841022259998196,1.0446676858416297
dist_centroid__steiner_focus_2,dist_incenter__orthocenter,dist_incenter__steiner_focus_1,0.11611306418342114,0.11100795732823014,0.01902128445852455,-0.2683891756270488,1.0459886568320156
dist_centroid__steiner_focus_2,dist_circumcenter__orthocenter,dist_incenter__steiner_focus_1,0.1532481417040503,0.14631382756969866,0.0809664825693206,-0.0856442556759796,1.0473934299275192
dist_circumcenter__incenter,dist_orthocenter__steiner_focus_1,inradius,0.09290885930246819,0.08847856747833367,0.01625954036543088,-0.2724733740661992,1.0500719208097418
circumradius,dist_incenter__steiner_focus_1,perimeter,0.13752191374828557,0.1306985171599897,0.02283892745824295,-0.29876169101072164,1.052207146160222
circumradius,dist_centroid__steiner_focus_1,dist_incenter__steiner_focus_1,0.15209783858135814,0.14219679477018002,0.008863128092788464,-1.1171048988036363,1.0696291630706607
dist_incenter__steiner_focus_1,dist_orthocenter__steiner_focus_2,semiperimeter,0.13206477064528788,0.123444395424608,0.04243849216301603,-0.2031263313401199,1.06983205022009
dist_centroid__incenter,dist_incenter__steiner_focus_1,semiperimeter,0.2134761897697143,0.19891410155865238,0.026954177124931086,-0.5402534881167941,1.0732079229021785
dist_circumcenter__orthocenter,dist_incenter__orthocenter,semiperimeter,0.1848090656872792,0.1709359656992384,0.07318802271902376,-0.1895542395140394,1.081159631510495
dist_circumcenter__steiner_focus_2,dist_incenter__steiner_focus_1,dist_incenter__steiner_focus_2,0.12084362110672933,0.11105009740590084,0.045671333424529524,-0.21443480990131344,1.0881901405726107
dist_centroid__incenter,dist_circumcenter__incenter,dist_incenter__steiner_focus_2,0.12229745235373596,0.11205774221440339,0.014816627945423964,-0.6910958537293266,1.0913788725078954
dist_circumcenter__orthocenter,dist_incenter__steiner_focus_1,dist_steiner_focus_1__steiner_focus_2,0.138957400071626,0.12714961290657165,0.020788031008405733,-0.5680089259189489,1.0928653017113832
dist_incenter__orthocenter,dist_incenter__steiner_focus_2,dist_steiner_focus_1__steiner_focus_2,0.1336019423462542,0.12089706138382679,0.012902795986409603,-0.9846610746856215,1.1050884183370815
dist_centroid__incenter,dist_circumcenter__orthocenter,semiperimeter,0.191767377700887,0.17134902929210152,0.08461708522920756,-0.24130290417682232,1.119162323201598
dist_centroid__steiner_focus_2,dist_incenter__steiner_focus_1,dist_orthocenter__steiner_focus_2,0.15946129227206332,0.14083635458580365,0.02588298589030063,-0.7195822678727017,1.1322452412307544
dist_circumcenter__orthocenter,dist_incenter__steiner_focus_1,perimeter,0.1717542997233407,0.14778494106152076,0.01278651469019353,-1.8745810912963603,1.1621908057049049
circumradius,dist_centroid__steiner_focus_2,dist_incenter__steiner_focus_2,0.12134987874617394,0.10393906993441625,0.0051372572618098205,-3.3891253492771316,1.16750976146644
dist_centroid__orthocenter,dist_incenter__steiner_focus_2,dist_steiner_focus_1__steiner_focus_2,0.1468562796894665,0.12467768300543493,0.018200304190604227,-1.2185838462788494,1.1778874626910154
dist_centroid__incenter,dist_orthocenter__steiner_focus_2,dist_steiner_focus_1__steiner_focus_2,0.1221055886152766,0.09922978347692747,0.002017242382630712,-11.340137077883762,1.2305336597219132
dist_centroid__incenter,dist_orthocenter__steiner_focus_1,perimeter,0.25914752464478263,0.210292170647316,0.1398393410564293,-0.3493677360632874,1.232321316799771
dist_circumcenter__steiner_focus_1,dist_incenter__steiner_focus_1,perimeter,0.2227545292597491,0.18068430325406584,0.06621349030028632,-0.6353724265990147,1.2328382999962482
dist_centroid__incenter,dist_circumcenter__steiner_focus_2,semiperimeter,0.22821189687326482,0.18448287097622443,0.0980461374856696,-0.4460045751769856,1.2370356969492091
dist_orthocenter__steiner_focus_2,inradius,perimeter,0.124987138915081,0.10052801042611259,0.01010482642770354,-2.4205392011396554,1.2433066006707225
circumradius,dist_centroid__steiner_focus_1,dist_incenter__steiner_focus_2,0.17455575178069122,0.1392572324325505,0.053646053716608216,-0.6579891138798283,1.253477099404784
dist_centroid__circumcenter,dist_incenter__steiner_focus_2,perimeter,0.1316715856485235,0.1044291349521087,0.022625427353159883,-1.2040634756280124,1.260870213172868
dist_centroid__incenter,dist_incenter__orthocenter,perimeter,0.1793938077931398,0.14167729743389468,0.0573116789645014,-0.6580946683241744,1.2662142138675625
circumradius,dist_centroid__circumcenter,semiperimeter,0.12895966741702464,0.10123529933089583,0.019085574309642105,-1.45263473010201,1.273860681692751
dist_incenter__steiner_focus_2,dist_orthocenter__steiner_focus_1,semiperimeter,0.17519898849461002,0.13573778943031925,0.031179538914318242,-1.2656120147488592,1.2907163821505145
circumradius,dist_centroid__incenter,dist_centroid__steiner_focus_1,0.15406798666136334,0.1188591965707232,0.040711882867050804,-0.8648283403059095,1.29622268285896
dist_centroid__incenter,dist_centroid__orthocenter,dist_centroid__steiner_focus_2,0.21002454028426498,0.16024902952601433,0.025501382716279997,-1.9518749752527784,1.3106134926712318
dist_centroid__circumcenter,dist_centroid__incenter,dist_incenter__steiner_focus_1,0.1280452098474921,0.09701464074128358,0.017681178153602407,-1.7550057375495804,1.3198544968997012
circumradius,dist_incenter__steiner_focus_2,perimeter,0.1650813733531293,0.12421180642626269,0.0175545410869955,-2.328147840739797,1.3290312579998464
dist_circumcenter__orthocenter,dist_circumcenter__steiner_focus_1,dist_orthocenter__steiner_focus_1,0.09237816435631713,0.06922591293816475,0.013730270421142957,-1.6862196233586706,1.3344448694932034
dist_incenter__orthocenter,dist_incenter__steiner_focus_1,semiperimeter,0.12622410267091494,0.09452583864284846,0.016531658907045162,-1.9174279003880181,1.3353396751954094
dist_centroid__steiner_focus_1,dist_incenter__steiner_focus_2,dist_orthocenter__steiner_focus_1,0.1470706702647782,0.10938194109178336,0.014936270036051353,-2.5233026104928733,1.3445608004100962
circumradius,dist_orthocenter__steiner_focus_1,dist_orthocenter__steiner_focus_2,0.12338376728592444,0.08975049093823899,0.005678083463540906,-5.923350116926853,1.3747419762954822
dist_centroid__incenter,dist_circumcenter__incenter,dist_incenter__steiner_focus_1,0.2512778147650877,0.1764732412666318,0.04925800308326452,-1.5186278130684283,1.4238862105186494
circumradius,dist_centroid__circumcenter,dist_circumcenter__steiner_focus_2,0.09253481438950154,0.061851663861129245,0.018236118932525237,-1.6825482791542343,1.4960763965422628
dist_centroid__steiner_focus_1,dist_circumcenter__incenter,dist_incenter__steiner_focus_2,0.17752724673667059,0.1163892297751138,0.013545922232261587,-4.513389041607495,1.5252892993594604
dist_centroid__orthocenter,dist_incenter__steiner_focus_2,perimeter,0.1773074975347644,0.11385106312787809,0.02949060019425885,-2.151751201701207,1.5573635648497348
dist_circumcenter__orthocenter,dist_incenter__steiner_focus_2,dist_steiner_focus_1__steiner_focus_2,0.18248559059527442,0.11371180256290882,0.03860797192919747,-1.7813364596951307,1.6048078254173999
circumradius,dist_incenter__steiner_focus_1,dist_steiner_focus_1__steiner_focus_2,0.1737308848870701,0.1075691087673702,0.009766360485012815,-6.774455665570598,1.6150629755869954
dist_centroid__incenter,dist_circumcenter__orthocenter,perimeter,0.1907064850121241,0.11555408886394238,0.0388645059504003,-1.9337025985636556,1.6503655291390762
dist_centroid__incenter,dist_circumcenter__steiner_focus_1,dist_incenter__steiner_focus_2,0.1852799470589701,0.10872395566562988,0.01328511134801859,-5.762540440036145,1.7041317704515908
dist_centroid__steiner_focus_1,dist_circumcenter__steiner_focus_1,dist_incenter__steiner_focus_2,0.14005029072840183,0.07688186255893133,0.022408747010246664,-2.818918350971877,1.8216297845418452
dist_centroid__incenter,dist_incenter__orthocenter,semiperimeter,0.1514126448303071,0.07667255325913869,0.004074136790588528,-18.345012799722877,1.97479591319414
dist_centroid__incenter,dist_circumcenter__steiner_focus_2,dist_incenter__steiner_focus_2,0.23620538807918187,0.11052000867310008,0.02646298707906108,-4.7494781685296115,2.1372183273875627
dist_incenter__orthocenter,dist_incenter__steiner_focus_1,dist_steiner_focus_1__steiner_focus_2,0.2673773743935999,0.12278713912766263,0.008093239737069274,-17.865556929405415,2.177568239582533
area,circumradius,dist_centroid__incenter,0.22882003456522398,0.07116861726828734,0.009440236023899665,-16.69994446090263,3.2151816818729446
dist_centroid__circumcenter,dist_circumcenter__incenter,dist_orthocenter__steiner_focus_2,1.5918140709715927,0.19413930371486673,0.07957598471891038,-17.56402729031619,8.199339549035868
